﻿<?xml version="1.0" encoding="utf-8"?><PackageDataDrivenEvent><AllEventRules><EventRule xmlns:i="http://www.w3.org/2001/XMLSchema-instance" xmlns="http://schemas.datacontract.org/2004/07/ArcherTech.Common.Domain"><UpdateInformation><CreateDate>2021-09-08T21:28:25.923</CreateDate><CreateLogin>2</CreateLogin><UpdateDate>2021-09-08T21:28:25.923</UpdateDate><UpdateLogin>2</UpdateLogin></UpdateInformation><Alias>Always_True</Alias><Description i:nil="true" /><Guid>030718c1-c0df-4470-873c-7d713a3242b7</Guid><Id>27825</Id><Name>Always True</Name><FilterId>5433</FilterId><IsActive>true</IsActive><LayoutId>749</LayoutId></EventRule><EventRule xmlns:i="http://www.w3.org/2001/XMLSchema-instance" xmlns="http://schemas.datacontract.org/2004/07/ArcherTech.Common.Domain"><UpdateInformation><CreateDate>2021-09-08T21:28:25.923</CreateDate><CreateLogin>2</CreateLogin><UpdateDate>2021-09-08T21:28:25.923</UpdateDate><UpdateLogin>2</UpdateLogin></UpdateInformation><Alias>First_Published__EMPTY</Alias><Description i:nil="true" /><Guid>84b40d7e-557e-43fd-8278-e71412a0eea0</Guid><Id>27826</Id><Name>[First Published] != EMPTY</Name><FilterId>5434</FilterId><IsActive>true</IsActive><LayoutId>749</LayoutId></EventRule><EventRule xmlns:i="http://www.w3.org/2001/XMLSchema-instance" xmlns="http://schemas.datacontract.org/2004/07/ArcherTech.Common.Domain"><UpdateInformation><CreateDate>2021-09-08T21:28:25.923</CreateDate><CreateLogin>2</CreateLogin><UpdateDate>2021-09-08T21:28:25.923</UpdateDate><UpdateLogin>2</UpdateLogin></UpdateInformation><Alias>Request_Type__Add_Access</Alias><Description i:nil="true" /><Guid>2f4b2031-c070-4062-aa1c-bac546e28332</Guid><Id>27827</Id><Name>[Request Type] = "Add Access"</Name><FilterId>5435</FilterId><IsActive>true</IsActive><LayoutId>749</LayoutId></EventRule><EventRule xmlns:i="http://www.w3.org/2001/XMLSchema-instance" xmlns="http://schemas.datacontract.org/2004/07/ArcherTech.Common.Domain"><UpdateInformation><CreateDate>2021-09-08T21:28:25.923</CreateDate><CreateLogin>2</CreateLogin><UpdateDate>2021-09-08T21:28:25.923</UpdateDate><UpdateLogin>2</UpdateLogin></UpdateInformation><Alias>Request_Type__Remove_Access</Alias><Description i:nil="true" /><Guid>5aadcae0-cd4b-4fc9-898a-4c5348e8b51a</Guid><Id>27828</Id><Name>[Request Type] = "Remove Access"</Name><FilterId>5436</FilterId><IsActive>true</IsActive><LayoutId>749</LayoutId></EventRule><EventRule xmlns:i="http://www.w3.org/2001/XMLSchema-instance" xmlns="http://schemas.datacontract.org/2004/07/ArcherTech.Common.Domain"><UpdateInformation><CreateDate>2021-09-08T21:28:25.923</CreateDate><CreateLogin>2</CreateLogin><UpdateDate>2021-09-08T21:28:25.923</UpdateDate><UpdateLogin>2</UpdateLogin></UpdateInformation><Alias>Request_Status__Draft</Alias><Description i:nil="true" /><Guid>76853981-8ec5-4762-a6e2-6325e487f776</Guid><Id>27829</Id><Name>[Request Status] != "Draft"</Name><FilterId>5437</FilterId><IsActive>true</IsActive><LayoutId>749</LayoutId></EventRule><EventRule xmlns:i="http://www.w3.org/2001/XMLSchema-instance" xmlns="http://schemas.datacontract.org/2004/07/ArcherTech.Common.Domain"><UpdateInformation><CreateDate>2021-09-08T21:28:25.923</CreateDate><CreateLogin>2</CreateLogin><UpdateDate>2021-09-08T21:28:25.923</UpdateDate><UpdateLogin>2</UpdateLogin></UpdateInformation><Alias>Request_Status__Draft_Request_Type__Add_</Alias><Description i:nil="true" /><Guid>5267c7a9-b8de-4f02-9e11-6efe06f87bbf</Guid><Id>27830</Id><Name>[Request Status] != "Draft", [Request Type] = "Add Access"</Name><FilterId>5438</FilterId><IsActive>true</IsActive><LayoutId>749</LayoutId></EventRule><EventRule xmlns:i="http://www.w3.org/2001/XMLSchema-instance" xmlns="http://schemas.datacontract.org/2004/07/ArcherTech.Common.Domain"><UpdateInformation><CreateDate>2021-09-08T21:28:25.923</CreateDate><CreateLogin>2</CreateLogin><UpdateDate>2021-09-08T21:28:25.923</UpdateDate><UpdateLogin>2</UpdateLogin></UpdateInformation><Alias>Request_Status__Draft_Request_Type__Remo</Alias><Description i:nil="true" /><Guid>e4a95074-e833-42fd-b966-4428a379e64e</Guid><Id>27831</Id><Name>[Request Status] != "Draft", [Request Type] = "Remove Access"</Name><FilterId>5439</FilterId><IsActive>true</IsActive><LayoutId>749</LayoutId></EventRule><EventRule xmlns:i="http://www.w3.org/2001/XMLSchema-instance" xmlns="http://schemas.datacontract.org/2004/07/ArcherTech.Common.Domain"><UpdateInformation><CreateDate>2021-09-08T21:28:25.923</CreateDate><CreateLogin>2</CreateLogin><UpdateDate>2021-09-08T21:28:25.923</UpdateDate><UpdateLogin>2</UpdateLogin></UpdateInformation><Alias>Request_Status__Pending_Manager_Review</Alias><Description i:nil="true" /><Guid>8148fa95-9383-4b06-bd2a-d52503798ea7</Guid><Id>27832</Id><Name>[Request Status] = "Pending Manager Review"</Name><FilterId>5440</FilterId><IsActive>true</IsActive><LayoutId>749</LayoutId></EventRule><EventRule xmlns:i="http://www.w3.org/2001/XMLSchema-instance" xmlns="http://schemas.datacontract.org/2004/07/ArcherTech.Common.Domain"><UpdateInformation><CreateDate>2021-09-08T21:28:25.923</CreateDate><CreateLogin>2</CreateLogin><UpdateDate>2021-09-08T21:28:25.923</UpdateDate><UpdateLogin>2</UpdateLogin></UpdateInformation><Alias>Request_Status__Pending_Manager_Review_M</Alias><Description i:nil="true" /><Guid>488b24a1-c9bf-42ac-bddf-3c9af91942ac</Guid><Id>27833</Id><Name>[Request Status] = "Pending Manager Review", [Manager Review Date] != EMPTY</Name><FilterId>5441</FilterId><IsActive>true</IsActive><LayoutId>749</LayoutId></EventRule></AllEventRules><AllEventActions><EventActionBase xmlns:i="http://www.w3.org/2001/XMLSchema-instance" i:type="ConditionalLayoutEventAction" xmlns="http://schemas.datacontract.org/2004/07/ArcherTech.Common.Domain"><UpdateInformation><CreateDate>2021-09-08T21:28:25.923</CreateDate><CreateLogin>2</CreateLogin><UpdateDate>2021-09-08T21:28:25.923</UpdateDate><UpdateLogin>2</UpdateLogin></UpdateInformation><Alias>Default_Display</Alias><Description i:nil="true" /><Guid>5c3eb1a3-3205-4e83-82f7-d3cc626cb81a</Guid><Id>3057</Id><IsActive>true</IsActive><LayoutId>749</LayoutId><Name>Default Display</Name><Type>ApplyConditionalLayout</Type><LayoutActions><ConditionalLayoutActionOptionBase i:type="SectionLayoutOption"><Type>Section</Type><Action>ReadOnly</Action><SectionId>7490</SectionId></ConditionalLayoutActionOptionBase><ConditionalLayoutActionOptionBase i:type="SectionLayoutOption"><Type>Section</Type><Action>Hide</Action><SectionId>7492</SectionId></ConditionalLayoutActionOptionBase><ConditionalLayoutActionOptionBase i:type="SectionLayoutOption"><Type>Section</Type><Action>Hide</Action><SectionId>7495</SectionId></ConditionalLayoutActionOptionBase><ConditionalLayoutActionOptionBase i:type="LayoutItemOption"><Type>LayoutItem</Type><Action>Hide</Action><LayoutItemId>46005</LayoutItemId></ConditionalLayoutActionOptionBase><ConditionalLayoutActionOptionBase i:type="LayoutItemOption"><Type>LayoutItem</Type><Action>Hide</Action><LayoutItemId>46006</LayoutItemId></ConditionalLayoutActionOptionBase></LayoutActions></EventActionBase><EventActionBase xmlns:i="http://www.w3.org/2001/XMLSchema-instance" i:type="ConditionalLayoutEventAction" xmlns="http://schemas.datacontract.org/2004/07/ArcherTech.Common.Domain"><UpdateInformation><CreateDate>2021-09-08T21:28:25.923</CreateDate><CreateLogin>2</CreateLogin><UpdateDate>2021-09-08T21:28:25.923</UpdateDate><UpdateLogin>2</UpdateLogin></UpdateInformation><Alias>Display_static_fields_in_section_Request</Alias><Description i:nil="true" /><Guid>bf35b56e-8fe0-429c-98fa-2fa8663b7959</Guid><Id>3058</Id><IsActive>true</IsActive><LayoutId>749</LayoutId><Name>Display static fields in section [Request Details] - Read Only (exclude [Requester])</Name><Type>ApplyConditionalLayout</Type><LayoutActions><ConditionalLayoutActionOptionBase i:type="LayoutItemOption"><Type>LayoutItem</Type><Action>ReadOnly</Action><LayoutItemId>46002</LayoutItemId></ConditionalLayoutActionOptionBase><ConditionalLayoutActionOptionBase i:type="LayoutItemOption"><Type>LayoutItem</Type><Action>ReadOnly</Action><LayoutItemId>46003</LayoutItemId></ConditionalLayoutActionOptionBase><ConditionalLayoutActionOptionBase i:type="LayoutItemOption"><Type>LayoutItem</Type><Action>Hide</Action><LayoutItemId>46005</LayoutItemId></ConditionalLayoutActionOptionBase><ConditionalLayoutActionOptionBase i:type="LayoutItemOption"><Type>LayoutItem</Type><Action>Hide</Action><LayoutItemId>46006</LayoutItemId></ConditionalLayoutActionOptionBase></LayoutActions></EventActionBase><EventActionBase xmlns:i="http://www.w3.org/2001/XMLSchema-instance" i:type="ConditionalLayoutEventAction" xmlns="http://schemas.datacontract.org/2004/07/ArcherTech.Common.Domain"><UpdateInformation><CreateDate>2021-09-08T21:28:25.923</CreateDate><CreateLogin>2</CreateLogin><UpdateDate>2021-09-08T21:28:25.923</UpdateDate><UpdateLogin>2</UpdateLogin></UpdateInformation><Alias>Display_field_Groups_to_Add</Alias><Description i:nil="true" /><Guid>7481511f-b3fd-4ef9-a9e9-765bf34b4d55</Guid><Id>3059</Id><IsActive>true</IsActive><LayoutId>749</LayoutId><Name>Display field [Groups to Add]</Name><Type>ApplyConditionalLayout</Type><LayoutActions><ConditionalLayoutActionOptionBase i:type="LayoutItemOption"><Type>LayoutItem</Type><Action>ForceDisplay</Action><LayoutItemId>46005</LayoutItemId></ConditionalLayoutActionOptionBase></LayoutActions></EventActionBase><EventActionBase xmlns:i="http://www.w3.org/2001/XMLSchema-instance" i:type="ConditionalLayoutEventAction" xmlns="http://schemas.datacontract.org/2004/07/ArcherTech.Common.Domain"><UpdateInformation><CreateDate>2021-09-08T21:28:25.923</CreateDate><CreateLogin>2</CreateLogin><UpdateDate>2021-09-22T14:40:33.297</UpdateDate><UpdateLogin>2</UpdateLogin></UpdateInformation><Alias>Display_field_Groups_to_Remove</Alias><Description i:nil="true" /><Guid>0a202973-7715-4aee-9686-57bb21dd30bf</Guid><Id>3060</Id><IsActive>true</IsActive><LayoutId>749</LayoutId><Name>Display field [Groups to Remove]</Name><Type>ApplyConditionalLayout</Type><LayoutActions><ConditionalLayoutActionOptionBase i:type="LayoutItemOption"><Type>LayoutItem</Type><Action>ForceDisplay</Action><LayoutItemId>46006</LayoutItemId></ConditionalLayoutActionOptionBase><ConditionalLayoutActionOptionBase i:type="LayoutItemOption"><Type>LayoutItem</Type><Action>ForceDisplay</Action><LayoutItemId>46008</LayoutItemId></ConditionalLayoutActionOptionBase></LayoutActions></EventActionBase><EventActionBase xmlns:i="http://www.w3.org/2001/XMLSchema-instance" i:type="ConditionalLayoutEventAction" xmlns="http://schemas.datacontract.org/2004/07/ArcherTech.Common.Domain"><UpdateInformation><CreateDate>2021-09-08T21:28:25.923</CreateDate><CreateLogin>2</CreateLogin><UpdateDate>2021-09-08T21:28:25.923</UpdateDate><UpdateLogin>2</UpdateLogin></UpdateInformation><Alias>Display_static_fields_in_section_R_1</Alias><Description i:nil="true" /><Guid>ec77a585-b62b-4fd8-b369-ef9c2f46cdde</Guid><Id>3061</Id><IsActive>true</IsActive><LayoutId>749</LayoutId><Name>Display static fields in section [Request Details] - Read Only</Name><Type>ApplyConditionalLayout</Type><LayoutActions><ConditionalLayoutActionOptionBase i:type="LayoutItemOption"><Type>LayoutItem</Type><Action>ReadOnly</Action><LayoutItemId>46002</LayoutItemId></ConditionalLayoutActionOptionBase><ConditionalLayoutActionOptionBase i:type="LayoutItemOption"><Type>LayoutItem</Type><Action>ReadOnly</Action><LayoutItemId>46003</LayoutItemId></ConditionalLayoutActionOptionBase><ConditionalLayoutActionOptionBase i:type="LayoutItemOption"><Type>LayoutItem</Type><Action>Hide</Action><LayoutItemId>46005</LayoutItemId></ConditionalLayoutActionOptionBase><ConditionalLayoutActionOptionBase i:type="LayoutItemOption"><Type>LayoutItem</Type><Action>Hide</Action><LayoutItemId>46006</LayoutItemId></ConditionalLayoutActionOptionBase></LayoutActions></EventActionBase><EventActionBase xmlns:i="http://www.w3.org/2001/XMLSchema-instance" i:type="ConditionalLayoutEventAction" xmlns="http://schemas.datacontract.org/2004/07/ArcherTech.Common.Domain"><UpdateInformation><CreateDate>2021-09-08T21:28:25.923</CreateDate><CreateLogin>2</CreateLogin><UpdateDate>2021-09-08T21:28:25.923</UpdateDate><UpdateLogin>2</UpdateLogin></UpdateInformation><Alias>Display_field_Groups_to_Add__Read_Only</Alias><Description i:nil="true" /><Guid>efc53d00-41a2-467a-8a4e-70392bbcfc48</Guid><Id>3062</Id><IsActive>true</IsActive><LayoutId>749</LayoutId><Name>Display field [Groups to Add] - Read Only</Name><Type>ApplyConditionalLayout</Type><LayoutActions><ConditionalLayoutActionOptionBase i:type="LayoutItemOption"><Type>LayoutItem</Type><Action>ReadOnly</Action><LayoutItemId>46005</LayoutItemId></ConditionalLayoutActionOptionBase></LayoutActions></EventActionBase><EventActionBase xmlns:i="http://www.w3.org/2001/XMLSchema-instance" i:type="ConditionalLayoutEventAction" xmlns="http://schemas.datacontract.org/2004/07/ArcherTech.Common.Domain"><UpdateInformation><CreateDate>2021-09-08T21:28:25.923</CreateDate><CreateLogin>2</CreateLogin><UpdateDate>2021-09-08T21:28:25.923</UpdateDate><UpdateLogin>2</UpdateLogin></UpdateInformation><Alias>Display_field_Groups_to_Remove__Read_Onl</Alias><Description i:nil="true" /><Guid>dceb8165-7670-4671-b149-9433e274b0f6</Guid><Id>3063</Id><IsActive>true</IsActive><LayoutId>749</LayoutId><Name>Display field [Groups to Remove] - Read Only</Name><Type>ApplyConditionalLayout</Type><LayoutActions><ConditionalLayoutActionOptionBase i:type="LayoutItemOption"><Type>LayoutItem</Type><Action>ReadOnly</Action><LayoutItemId>46006</LayoutItemId></ConditionalLayoutActionOptionBase></LayoutActions></EventActionBase><EventActionBase xmlns:i="http://www.w3.org/2001/XMLSchema-instance" i:type="ConditionalLayoutEventAction" xmlns="http://schemas.datacontract.org/2004/07/ArcherTech.Common.Domain"><UpdateInformation><CreateDate>2021-09-08T21:28:25.923</CreateDate><CreateLogin>2</CreateLogin><UpdateDate>2021-09-22T14:02:15.047</UpdateDate><UpdateLogin>2</UpdateLogin></UpdateInformation><Alias>Display_section_Manager_Review_Details</Alias><Description i:nil="true" /><Guid>65ad2346-ae28-4b40-87ee-b6fd39cae1a8</Guid><Id>3064</Id><IsActive>true</IsActive><LayoutId>749</LayoutId><Name>Display section [Manager Review Details]</Name><Type>ApplyConditionalLayout</Type><LayoutActions><ConditionalLayoutActionOptionBase i:type="SectionLayoutOption"><Type>Section</Type><Action>ForceDisplay</Action><SectionId>7492</SectionId></ConditionalLayoutActionOptionBase><ConditionalLayoutActionOptionBase i:type="LayoutItemOption"><Type>LayoutItem</Type><Action>ReadOnly</Action><LayoutItemId>46008</LayoutItemId></ConditionalLayoutActionOptionBase><ConditionalLayoutActionOptionBase i:type="LayoutItemOption"><Type>LayoutItem</Type><Action>ReadOnly</Action><LayoutItemId>46012</LayoutItemId></ConditionalLayoutActionOptionBase></LayoutActions></EventActionBase><EventActionBase xmlns:i="http://www.w3.org/2001/XMLSchema-instance" i:type="ConditionalLayoutEventAction" xmlns="http://schemas.datacontract.org/2004/07/ArcherTech.Common.Domain"><UpdateInformation><CreateDate>2021-09-08T21:28:25.923</CreateDate><CreateLogin>2</CreateLogin><UpdateDate>2021-09-08T21:28:25.923</UpdateDate><UpdateLogin>2</UpdateLogin></UpdateInformation><Alias>Display_section_Manager_Review_Details__</Alias><Description i:nil="true" /><Guid>17c5c04c-fb8e-4b80-82ca-020c81dc9baf</Guid><Id>3065</Id><IsActive>true</IsActive><LayoutId>749</LayoutId><Name>Display section [Manager Review Details] - Read Only (exclude [Manager])</Name><Type>ApplyConditionalLayout</Type><LayoutActions><ConditionalLayoutActionOptionBase i:type="SectionLayoutOption"><Type>Section</Type><Action>ReadOnly</Action><SectionId>7492</SectionId></ConditionalLayoutActionOptionBase></LayoutActions></EventActionBase><EventActionBase xmlns:i="http://www.w3.org/2001/XMLSchema-instance" i:type="ConditionalLayoutEventAction" xmlns="http://schemas.datacontract.org/2004/07/ArcherTech.Common.Domain"><UpdateInformation><CreateDate>2021-09-08T21:28:25.923</CreateDate><CreateLogin>2</CreateLogin><UpdateDate>2021-09-08T21:28:25.923</UpdateDate><UpdateLogin>2</UpdateLogin></UpdateInformation><Alias>Display_section_Manager_Review_Det_1</Alias><Description i:nil="true" /><Guid>96e72156-a3ae-4dae-bf60-8750dceddf9b</Guid><Id>3066</Id><IsActive>true</IsActive><LayoutId>749</LayoutId><Name>Display section [Manager Review Details] - Read Only</Name><Type>ApplyConditionalLayout</Type><LayoutActions><ConditionalLayoutActionOptionBase i:type="SectionLayoutOption"><Type>Section</Type><Action>ReadOnly</Action><SectionId>7492</SectionId></ConditionalLayoutActionOptionBase></LayoutActions></EventActionBase></AllEventActions><Filters><Filter ruleGuid="030718c1-c0df-4470-873c-7d713a3242b7"><Filter xmlns:i="http://www.w3.org/2001/XMLSchema-instance" xmlns="http://schemas.datacontract.org/2004/07/ArcherTech.Common.Domain"><Conditions><FilterConditionBase i:type="DateComparisonFilterCondition"><UpdateInformation><CreateDate i:nil="true" /><CreateLogin i:nil="true" /><UpdateDate i:nil="true" /><UpdateLogin i:nil="true" /></UpdateInformation><FilterType>DateComparison</FilterType><Id>23401</Id><Order>1</Order><FieldId>20913</FieldId><IsOldContent>false</IsOldContent><ParentFieldId i:nil="true" /><RequiresContentChanged>false</RequiresContentChanged><IncludeTime>false</IncludeTime><Operator>Equals</Operator><TimeZoneId i:nil="true" /><Value i:nil="true" /></FilterConditionBase><FilterConditionBase i:type="DateComparisonFilterCondition"><UpdateInformation><CreateDate i:nil="true" /><CreateLogin i:nil="true" /><UpdateDate i:nil="true" /><UpdateLogin i:nil="true" /></UpdateInformation><FilterType>DateComparison</FilterType><Id>23402</Id><Order>2</Order><FieldId>20913</FieldId><IsOldContent>false</IsOldContent><ParentFieldId i:nil="true" /><RequiresContentChanged>false</RequiresContentChanged><IncludeTime>false</IncludeTime><Operator>DoesNotEqual</Operator><TimeZoneId i:nil="true" /><Value i:nil="true" /></FilterConditionBase></Conditions><Id>5433</Id><OperatorLogic>1 OR 2</OperatorLogic></Filter></Filter><Filter ruleGuid="84b40d7e-557e-43fd-8278-e71412a0eea0"><Filter xmlns:i="http://www.w3.org/2001/XMLSchema-instance" xmlns="http://schemas.datacontract.org/2004/07/ArcherTech.Common.Domain"><Conditions><FilterConditionBase i:type="DateComparisonFilterCondition"><UpdateInformation><CreateDate i:nil="true" /><CreateLogin i:nil="true" /><UpdateDate i:nil="true" /><UpdateLogin i:nil="true" /></UpdateInformation><FilterType>DateComparison</FilterType><Id>23403</Id><Order>1</Order><FieldId>20913</FieldId><IsOldContent>false</IsOldContent><ParentFieldId i:nil="true" /><RequiresContentChanged>false</RequiresContentChanged><IncludeTime>false</IncludeTime><Operator>DoesNotEqual</Operator><TimeZoneId i:nil="true" /><Value i:nil="true" /></FilterConditionBase></Conditions><Id>5434</Id><OperatorLogic i:nil="true" /></Filter></Filter><Filter ruleGuid="2f4b2031-c070-4062-aa1c-bac546e28332"><Filter xmlns:i="http://www.w3.org/2001/XMLSchema-instance" xmlns="http://schemas.datacontract.org/2004/07/ArcherTech.Common.Domain"><Conditions><FilterConditionBase i:type="ValueListFilterCondition"><UpdateInformation><CreateDate i:nil="true" /><CreateLogin i:nil="true" /><UpdateDate i:nil="true" /><UpdateLogin i:nil="true" /></UpdateInformation><FilterType>ValueList</FilterType><Id>23404</Id><Order>1</Order><FieldId>20919</FieldId><IsOldContent>false</IsOldContent><ParentFieldId i:nil="true" /><RequiresContentChanged>false</RequiresContentChanged><IsNoSelectionIncluded>false</IsNoSelectionIncluded><Operator>Contains</Operator><IncludeChildren>false</IncludeChildren><Value xmlns:d4p1="http://schemas.microsoft.com/2003/10/Serialization/Arrays"><d4p1:int>72717</d4p1:int></Value></FilterConditionBase></Conditions><Id>5435</Id><OperatorLogic i:nil="true" /></Filter></Filter><Filter ruleGuid="5aadcae0-cd4b-4fc9-898a-4c5348e8b51a"><Filter xmlns:i="http://www.w3.org/2001/XMLSchema-instance" xmlns="http://schemas.datacontract.org/2004/07/ArcherTech.Common.Domain"><Conditions><FilterConditionBase i:type="ValueListFilterCondition"><UpdateInformation><CreateDate i:nil="true" /><CreateLogin i:nil="true" /><UpdateDate i:nil="true" /><UpdateLogin i:nil="true" /></UpdateInformation><FilterType>ValueList</FilterType><Id>23405</Id><Order>1</Order><FieldId>20919</FieldId><IsOldContent>false</IsOldContent><ParentFieldId i:nil="true" /><RequiresContentChanged>false</RequiresContentChanged><IsNoSelectionIncluded>false</IsNoSelectionIncluded><Operator>Contains</Operator><IncludeChildren>false</IncludeChildren><Value xmlns:d4p1="http://schemas.microsoft.com/2003/10/Serialization/Arrays"><d4p1:int>72718</d4p1:int></Value></FilterConditionBase></Conditions><Id>5436</Id><OperatorLogic i:nil="true" /></Filter></Filter><Filter ruleGuid="76853981-8ec5-4762-a6e2-6325e487f776"><Filter xmlns:i="http://www.w3.org/2001/XMLSchema-instance" xmlns="http://schemas.datacontract.org/2004/07/ArcherTech.Common.Domain"><Conditions><FilterConditionBase i:type="ValueListFilterCondition"><UpdateInformation><CreateDate i:nil="true" /><CreateLogin i:nil="true" /><UpdateDate i:nil="true" /><UpdateLogin i:nil="true" /></UpdateInformation><FilterType>ValueList</FilterType><Id>23406</Id><Order>1</Order><FieldId>20916</FieldId><IsOldContent>false</IsOldContent><ParentFieldId i:nil="true" /><RequiresContentChanged>false</RequiresContentChanged><IsNoSelectionIncluded>false</IsNoSelectionIncluded><Operator>DoesNotContain</Operator><IncludeChildren>false</IncludeChildren><Value xmlns:d4p1="http://schemas.microsoft.com/2003/10/Serialization/Arrays"><d4p1:int>72713</d4p1:int></Value></FilterConditionBase></Conditions><Id>5437</Id><OperatorLogic i:nil="true" /></Filter></Filter><Filter ruleGuid="5267c7a9-b8de-4f02-9e11-6efe06f87bbf"><Filter xmlns:i="http://www.w3.org/2001/XMLSchema-instance" xmlns="http://schemas.datacontract.org/2004/07/ArcherTech.Common.Domain"><Conditions><FilterConditionBase i:type="ValueListFilterCondition"><UpdateInformation><CreateDate i:nil="true" /><CreateLogin i:nil="true" /><UpdateDate i:nil="true" /><UpdateLogin i:nil="true" /></UpdateInformation><FilterType>ValueList</FilterType><Id>23407</Id><Order>1</Order><FieldId>20919</FieldId><IsOldContent>false</IsOldContent><ParentFieldId i:nil="true" /><RequiresContentChanged>false</RequiresContentChanged><IsNoSelectionIncluded>false</IsNoSelectionIncluded><Operator>Contains</Operator><IncludeChildren>false</IncludeChildren><Value xmlns:d4p1="http://schemas.microsoft.com/2003/10/Serialization/Arrays"><d4p1:int>72717</d4p1:int></Value></FilterConditionBase><FilterConditionBase i:type="ValueListFilterCondition"><UpdateInformation><CreateDate i:nil="true" /><CreateLogin i:nil="true" /><UpdateDate i:nil="true" /><UpdateLogin i:nil="true" /></UpdateInformation><FilterType>ValueList</FilterType><Id>23408</Id><Order>2</Order><FieldId>20916</FieldId><IsOldContent>false</IsOldContent><ParentFieldId i:nil="true" /><RequiresContentChanged>false</RequiresContentChanged><IsNoSelectionIncluded>false</IsNoSelectionIncluded><Operator>DoesNotContain</Operator><IncludeChildren>false</IncludeChildren><Value xmlns:d4p1="http://schemas.microsoft.com/2003/10/Serialization/Arrays"><d4p1:int>72713</d4p1:int></Value></FilterConditionBase></Conditions><Id>5438</Id><OperatorLogic i:nil="true" /></Filter></Filter><Filter ruleGuid="e4a95074-e833-42fd-b966-4428a379e64e"><Filter xmlns:i="http://www.w3.org/2001/XMLSchema-instance" xmlns="http://schemas.datacontract.org/2004/07/ArcherTech.Common.Domain"><Conditions><FilterConditionBase i:type="ValueListFilterCondition"><UpdateInformation><CreateDate i:nil="true" /><CreateLogin i:nil="true" /><UpdateDate i:nil="true" /><UpdateLogin i:nil="true" /></UpdateInformation><FilterType>ValueList</FilterType><Id>23409</Id><Order>1</Order><FieldId>20919</FieldId><IsOldContent>false</IsOldContent><ParentFieldId i:nil="true" /><RequiresContentChanged>false</RequiresContentChanged><IsNoSelectionIncluded>false</IsNoSelectionIncluded><Operator>Contains</Operator><IncludeChildren>false</IncludeChildren><Value xmlns:d4p1="http://schemas.microsoft.com/2003/10/Serialization/Arrays"><d4p1:int>72718</d4p1:int></Value></FilterConditionBase><FilterConditionBase i:type="ValueListFilterCondition"><UpdateInformation><CreateDate i:nil="true" /><CreateLogin i:nil="true" /><UpdateDate i:nil="true" /><UpdateLogin i:nil="true" /></UpdateInformation><FilterType>ValueList</FilterType><Id>23410</Id><Order>2</Order><FieldId>20916</FieldId><IsOldContent>false</IsOldContent><ParentFieldId i:nil="true" /><RequiresContentChanged>false</RequiresContentChanged><IsNoSelectionIncluded>false</IsNoSelectionIncluded><Operator>DoesNotContain</Operator><IncludeChildren>false</IncludeChildren><Value xmlns:d4p1="http://schemas.microsoft.com/2003/10/Serialization/Arrays"><d4p1:int>72713</d4p1:int></Value></FilterConditionBase></Conditions><Id>5439</Id><OperatorLogic i:nil="true" /></Filter></Filter><Filter ruleGuid="8148fa95-9383-4b06-bd2a-d52503798ea7"><Filter xmlns:i="http://www.w3.org/2001/XMLSchema-instance" xmlns="http://schemas.datacontract.org/2004/07/ArcherTech.Common.Domain"><Conditions><FilterConditionBase i:type="ValueListFilterCondition"><UpdateInformation><CreateDate i:nil="true" /><CreateLogin i:nil="true" /><UpdateDate i:nil="true" /><UpdateLogin i:nil="true" /></UpdateInformation><FilterType>ValueList</FilterType><Id>23411</Id><Order>1</Order><FieldId>20916</FieldId><IsOldContent>false</IsOldContent><ParentFieldId i:nil="true" /><RequiresContentChanged>false</RequiresContentChanged><IsNoSelectionIncluded>false</IsNoSelectionIncluded><Operator>Contains</Operator><IncludeChildren>false</IncludeChildren><Value xmlns:d4p1="http://schemas.microsoft.com/2003/10/Serialization/Arrays"><d4p1:int>72714</d4p1:int></Value></FilterConditionBase></Conditions><Id>5440</Id><OperatorLogic i:nil="true" /></Filter></Filter><Filter ruleGuid="488b24a1-c9bf-42ac-bddf-3c9af91942ac"><Filter xmlns:i="http://www.w3.org/2001/XMLSchema-instance" xmlns="http://schemas.datacontract.org/2004/07/ArcherTech.Common.Domain"><Conditions><FilterConditionBase i:type="ValueListFilterCondition"><UpdateInformation><CreateDate i:nil="true" /><CreateLogin i:nil="true" /><UpdateDate i:nil="true" /><UpdateLogin i:nil="true" /></UpdateInformation><FilterType>ValueList</FilterType><Id>23412</Id><Order>1</Order><FieldId>20916</FieldId><IsOldContent>false</IsOldContent><ParentFieldId i:nil="true" /><RequiresContentChanged>false</RequiresContentChanged><IsNoSelectionIncluded>false</IsNoSelectionIncluded><Operator>DoesNotContain</Operator><IncludeChildren>false</IncludeChildren><Value xmlns:d4p1="http://schemas.microsoft.com/2003/10/Serialization/Arrays"><d4p1:int>72714</d4p1:int></Value></FilterConditionBase><FilterConditionBase i:type="DateComparisonFilterCondition"><UpdateInformation><CreateDate i:nil="true" /><CreateLogin i:nil="true" /><UpdateDate i:nil="true" /><UpdateLogin i:nil="true" /></UpdateInformation><FilterType>DateComparison</FilterType><Id>23413</Id><Order>2</Order><FieldId>20923</FieldId><IsOldContent>false</IsOldContent><ParentFieldId i:nil="true" /><RequiresContentChanged>false</RequiresContentChanged><IncludeTime>false</IncludeTime><Operator>DoesNotEqual</Operator><TimeZoneId i:nil="true" /><Value i:nil="true" /></FilterConditionBase></Conditions><Id>5441</Id><OperatorLogic i:nil="true" /></Filter></Filter></Filters><EventRuleActions><EventRuleAction ruleGuid="030718c1-c0df-4470-873c-7d713a3242b7"><Action>3057</Action></EventRuleAction><EventRuleAction ruleGuid="84b40d7e-557e-43fd-8278-e71412a0eea0"><Action>3058</Action></EventRuleAction><EventRuleAction ruleGuid="2f4b2031-c070-4062-aa1c-bac546e28332"><Action>3059</Action></EventRuleAction><EventRuleAction ruleGuid="5aadcae0-cd4b-4fc9-898a-4c5348e8b51a"><Action>3060</Action></EventRuleAction><EventRuleAction ruleGuid="76853981-8ec5-4762-a6e2-6325e487f776"><Action>3061</Action></EventRuleAction><EventRuleAction ruleGuid="5267c7a9-b8de-4f02-9e11-6efe06f87bbf"><Action>3062</Action></EventRuleAction><EventRuleAction ruleGuid="e4a95074-e833-42fd-b966-4428a379e64e"><Action>3063</Action></EventRuleAction><EventRuleAction ruleGuid="8148fa95-9383-4b06-bd2a-d52503798ea7"><Action>3064</Action><Action>3065</Action></EventRuleAction><EventRuleAction ruleGuid="488b24a1-c9bf-42ac-bddf-3c9af91942ac"><Action>3066</Action></EventRuleAction></EventRuleActions><EventActionAuthorizations><EventActionAuthorization actionGuid="5c3eb1a3-3205-4e83-82f7-d3cc626cb81a"><EventActionAuthorization xmlns:i="http://www.w3.org/2001/XMLSchema-instance" xmlns="http://schemas.datacontract.org/2004/07/ArcherTech.Common.Domain"><Fields /><Groups><EventActionGroupAuthorization><Cascade>false</Cascade><Id>1</Id><Exclude>false</Exclude></EventActionGroupAuthorization></Groups><Users /></EventActionAuthorization></EventActionAuthorization><EventActionAuthorization actionGuid="bf35b56e-8fe0-429c-98fa-2fa8663b7959"><EventActionAuthorization xmlns:i="http://www.w3.org/2001/XMLSchema-instance" xmlns="http://schemas.datacontract.org/2004/07/ArcherTech.Common.Domain"><Fields><EventActionFieldAuthorization><Exclude>true</Exclude><Id>20927</Id></EventActionFieldAuthorization></Fields><Groups><EventActionGroupAuthorization><Cascade>false</Cascade><Id>1</Id><Exclude>false</Exclude></EventActionGroupAuthorization></Groups><Users /></EventActionAuthorization></EventActionAuthorization><EventActionAuthorization actionGuid="7481511f-b3fd-4ef9-a9e9-765bf34b4d55"><EventActionAuthorization xmlns:i="http://www.w3.org/2001/XMLSchema-instance" xmlns="http://schemas.datacontract.org/2004/07/ArcherTech.Common.Domain"><Fields /><Groups><EventActionGroupAuthorization><Cascade>false</Cascade><Id>1</Id><Exclude>false</Exclude></EventActionGroupAuthorization></Groups><Users /></EventActionAuthorization></EventActionAuthorization><EventActionAuthorization actionGuid="0a202973-7715-4aee-9686-57bb21dd30bf"><EventActionAuthorization xmlns:i="http://www.w3.org/2001/XMLSchema-instance" xmlns="http://schemas.datacontract.org/2004/07/ArcherTech.Common.Domain"><Fields /><Groups><EventActionGroupAuthorization><Cascade>false</Cascade><Id>1</Id><Exclude>false</Exclude></EventActionGroupAuthorization></Groups><Users /></EventActionAuthorization></EventActionAuthorization><EventActionAuthorization actionGuid="ec77a585-b62b-4fd8-b369-ef9c2f46cdde"><EventActionAuthorization xmlns:i="http://www.w3.org/2001/XMLSchema-instance" xmlns="http://schemas.datacontract.org/2004/07/ArcherTech.Common.Domain"><Fields /><Groups><EventActionGroupAuthorization><Cascade>false</Cascade><Id>1</Id><Exclude>false</Exclude></EventActionGroupAuthorization></Groups><Users /></EventActionAuthorization></EventActionAuthorization><EventActionAuthorization actionGuid="efc53d00-41a2-467a-8a4e-70392bbcfc48"><EventActionAuthorization xmlns:i="http://www.w3.org/2001/XMLSchema-instance" xmlns="http://schemas.datacontract.org/2004/07/ArcherTech.Common.Domain"><Fields /><Groups><EventActionGroupAuthorization><Cascade>false</Cascade><Id>1</Id><Exclude>false</Exclude></EventActionGroupAuthorization></Groups><Users /></EventActionAuthorization></EventActionAuthorization><EventActionAuthorization actionGuid="dceb8165-7670-4671-b149-9433e274b0f6"><EventActionAuthorization xmlns:i="http://www.w3.org/2001/XMLSchema-instance" xmlns="http://schemas.datacontract.org/2004/07/ArcherTech.Common.Domain"><Fields /><Groups><EventActionGroupAuthorization><Cascade>false</Cascade><Id>1</Id><Exclude>false</Exclude></EventActionGroupAuthorization></Groups><Users /></EventActionAuthorization></EventActionAuthorization><EventActionAuthorization actionGuid="65ad2346-ae28-4b40-87ee-b6fd39cae1a8"><EventActionAuthorization xmlns:i="http://www.w3.org/2001/XMLSchema-instance" xmlns="http://schemas.datacontract.org/2004/07/ArcherTech.Common.Domain"><Fields /><Groups><EventActionGroupAuthorization><Cascade>false</Cascade><Id>1</Id><Exclude>false</Exclude></EventActionGroupAuthorization></Groups><Users /></EventActionAuthorization></EventActionAuthorization><EventActionAuthorization actionGuid="17c5c04c-fb8e-4b80-82ca-020c81dc9baf"><EventActionAuthorization xmlns:i="http://www.w3.org/2001/XMLSchema-instance" xmlns="http://schemas.datacontract.org/2004/07/ArcherTech.Common.Domain"><Fields><EventActionFieldAuthorization><Exclude>true</Exclude><Id>20928</Id></EventActionFieldAuthorization></Fields><Groups><EventActionGroupAuthorization><Cascade>false</Cascade><Id>1</Id><Exclude>false</Exclude></EventActionGroupAuthorization></Groups><Users /></EventActionAuthorization></EventActionAuthorization><EventActionAuthorization actionGuid="96e72156-a3ae-4dae-bf60-8750dceddf9b"><EventActionAuthorization xmlns:i="http://www.w3.org/2001/XMLSchema-instance" xmlns="http://schemas.datacontract.org/2004/07/ArcherTech.Common.Domain"><Fields /><Groups><EventActionGroupAuthorization><Cascade>false</Cascade><Id>1</Id><Exclude>false</Exclude></EventActionGroupAuthorization></Groups><Users /></EventActionAuthorization></EventActionAuthorization></EventActionAuthorizations></PackageDataDrivenEvent>