﻿<?xml version="1.0" encoding="utf-8"?><PackageIViews><IViewContainers /><IViewFolders><IViewFolder xmlns:i="http://www.w3.org/2001/XMLSchema-instance" xmlns="http://schemas.datacontract.org/2004/07/ArcherTech.Common.Domain"><UpdateInformation><CreateDate>2021-09-08T21:28:25.923</CreateDate><CreateLogin>2</CreateLogin><UpdateDate>2021-10-11T15:24:06.237</UpdateDate><UpdateLogin>2</UpdateLogin></UpdateInformation><ASOStatus>Normal</ASOStatus><Alias>User_Access_Request</Alias><GUID>b02359ea-0db6-4904-ada7-725af47fc14a</GUID><Id>231</Id><IsSystem>false</IsSystem><ModuleId>516</ModuleId><Name>User Access Request</Name></IViewFolder></IViewFolders></PackageIViews>