﻿<?xml version="1.0" encoding="utf-8"?><PackageLevelLayout><ModuleAuthorizations><ModuleAuthorization moduleGuid="10008129-34f0-4038-a22b-ff7b5d19ae7f"><ModuleAuthorizationContainerBase xmlns:i="http://www.w3.org/2001/XMLSchema-instance" i:type="ApplicationModuleAuthorizationContainer" xmlns="http://schemas.datacontract.org/2004/07/ArcherTech.Common.Domain"><ModuleConfigAdmins><GroupIds xmlns:d3p1="http://schemas.microsoft.com/2003/10/Serialization/Arrays" i:nil="true" /><UserIds xmlns:d3p1="http://schemas.microsoft.com/2003/10/Serialization/Arrays"><d3p1:int>2</d3p1:int></UserIds></ModuleConfigAdmins><ModuleContentAdmins><GroupIds xmlns:d3p1="http://schemas.microsoft.com/2003/10/Serialization/Arrays" i:nil="true" /><UserIds xmlns:d3p1="http://schemas.microsoft.com/2003/10/Serialization/Arrays" i:nil="true" /></ModuleContentAdmins><ReportAdminstrators><GroupIds xmlns:d3p1="http://schemas.microsoft.com/2003/10/Serialization/Arrays" i:nil="true" /><UserIds xmlns:d3p1="http://schemas.microsoft.com/2003/10/Serialization/Arrays"><d3p1:int>2</d3p1:int></UserIds></ReportAdminstrators></ModuleAuthorizationContainerBase></ModuleAuthorization></ModuleAuthorizations><RecalculationSchedules><RecalculationSchedule levelGuid="ad4df39d-b826-40ed-be7d-b6573375e151"><RecalculationSchedule i:nil="true" xmlns:i="http://www.w3.org/2001/XMLSchema-instance" xmlns="http://schemas.datacontract.org/2004/07/ArcherTech.Common.Domain" /></RecalculationSchedule></RecalculationSchedules><LevelLayouts><LevelLayout levelGuid="ad4df39d-b826-40ed-be7d-b6573375e151"><LevelLayout xmlns:i="http://www.w3.org/2001/XMLSchema-instance" xmlns="http://schemas.datacontract.org/2004/07/ArcherTech.Common.Domain"><UpdateInformation><CreateDate>2021-09-08T21:28:25.923</CreateDate><CreateLogin>2</CreateLogin><UpdateDate>2021-09-08T21:28:25.923</UpdateDate><UpdateLogin>2</UpdateLogin></UpdateInformation><AvailableTab><UpdateInformation><CreateDate>2021-09-08T21:28:25.923</CreateDate><CreateLogin>2</CreateLogin><UpdateDate>2021-09-08T21:28:25.923</UpdateDate><UpdateLogin>2</UpdateLogin></UpdateInformation><Guid>624daa37-2af3-40cf-b85f-1eb563840d24</Guid><Id>3430</Id><IsDefault>false</IsDefault><LevelLayoutId i:nil="true" /><Name>Available</Name><Sections><LevelLayoutSectionBase i:type="LevelLayoutSection"><UpdateInformation><CreateDate i:nil="true" /><CreateLogin i:nil="true" /><UpdateDate i:nil="true" /><UpdateLogin i:nil="true" /></UpdateInformation><ASOStatus>Normal</ASOStatus><Collapsed>false</Collapsed><Collapsible>false</Collapsible><Guid>0d5ff420-cda5-4c6d-a5f6-6048b686bcfe</Guid><Id>7489</Id><LevelLayoutTabId>3430</LevelLayoutTabId><Name>Default</Name><SectionType>Section</SectionType><SortOrder>0</SortOrder><HelpText i:nil="true" /><IsHelpIconDisplayed>false</IsHelpIconDisplayed><IsPanelTextDisplayed>false</IsPanelTextDisplayed><LayoutItems><LevelLayoutItemBase i:type="LevelLayoutItemField"><UpdateInformation><CreateDate>2021-09-08T21:28:25</CreateDate><CreateLogin>2</CreateLogin><UpdateDate>2021-09-08T21:28:25</UpdateDate><UpdateLogin>2</UpdateLogin></UpdateInformation><Alias>_3899710c1fac48fcb7fd881c307948a4</Alias><Column>1</Column><Guid>3899710c-1fac-48fc-b7fd-881c307948a4</Guid><Id>45991</Id><LevelLayoutSectionId>7489</LevelLayoutSectionId><Name>First Published</Name><Row>1</Row><SpanAllColumns>false</SpanAllColumns><SpanRowCount>1</SpanRowCount><Type>Field</Type><Collapsed>false</Collapsed><Collapsible>false</Collapsible><FieldId>20913</FieldId><OnMobileLayout>false</OnMobileLayout></LevelLayoutItemBase><LevelLayoutItemBase i:type="LevelLayoutItemField"><UpdateInformation><CreateDate>2021-09-08T21:28:25</CreateDate><CreateLogin>2</CreateLogin><UpdateDate>2021-09-08T21:28:25</UpdateDate><UpdateLogin>2</UpdateLogin></UpdateInformation><Alias>_9a746c9a8fbc45438b91d2e83c4098a4</Alias><Column>2</Column><Guid>9a746c9a-8fbc-4543-8b91-d2e83c4098a4</Guid><Id>45992</Id><LevelLayoutSectionId>7489</LevelLayoutSectionId><Name>Last Updated</Name><Row>4</Row><SpanAllColumns>false</SpanAllColumns><SpanRowCount>1</SpanRowCount><Type>Field</Type><Collapsed>false</Collapsed><Collapsible>false</Collapsible><FieldId>20914</FieldId><OnMobileLayout>false</OnMobileLayout></LevelLayoutItemBase><LevelLayoutItemBase i:type="LevelLayoutItemField"><UpdateInformation><CreateDate>2021-09-08T21:28:25</CreateDate><CreateLogin>2</CreateLogin><UpdateDate>2021-09-08T21:28:25</UpdateDate><UpdateLogin>2</UpdateLogin></UpdateInformation><Alias>_3d81df2816ed4d37a59e644160364998</Alias><Column>2</Column><Guid>3d81df28-16ed-4d37-a59e-644160364998</Guid><Id>45993</Id><LevelLayoutSectionId>7489</LevelLayoutSectionId><Name>Workflow Current Node</Name><Row>5</Row><SpanAllColumns>false</SpanAllColumns><SpanRowCount>1</SpanRowCount><Type>Field</Type><Collapsed>false</Collapsed><Collapsible>false</Collapsible><FieldId>20924</FieldId><OnMobileLayout>false</OnMobileLayout></LevelLayoutItemBase><LevelLayoutItemBase i:type="LevelLayoutItemField"><UpdateInformation><CreateDate>2021-09-08T21:28:25</CreateDate><CreateLogin>2</CreateLogin><UpdateDate>2021-09-08T21:28:25</UpdateDate><UpdateLogin>2</UpdateLogin></UpdateInformation><Alias>_45199280850f426ea2003e08dae4bde6</Alias><Column>2</Column><Guid>45199280-850f-426e-a200-3e08dae4bde6</Guid><Id>45994</Id><LevelLayoutSectionId>7489</LevelLayoutSectionId><Name>Workflow Process Version</Name><Row>6</Row><SpanAllColumns>false</SpanAllColumns><SpanRowCount>1</SpanRowCount><Type>Field</Type><Collapsed>false</Collapsed><Collapsible>false</Collapsible><FieldId>20925</FieldId><OnMobileLayout>false</OnMobileLayout></LevelLayoutItemBase><LevelLayoutItemBase i:type="LevelLayoutItemField"><UpdateInformation><CreateDate>2021-09-08T21:28:25</CreateDate><CreateLogin>2</CreateLogin><UpdateDate>2021-09-08T21:28:25</UpdateDate><UpdateLogin>2</UpdateLogin></UpdateInformation><Alias>_480a2090aacb47ca9c2f3bfa9d81bc1b</Alias><Column>2</Column><Guid>480a2090-aacb-47ca-9c2f-3bfa9d81bc1b</Guid><Id>45995</Id><LevelLayoutSectionId>7489</LevelLayoutSectionId><Name>Workflow Job Status</Name><Row>7</Row><SpanAllColumns>false</SpanAllColumns><SpanRowCount>1</SpanRowCount><Type>Field</Type><Collapsed>false</Collapsed><Collapsible>false</Collapsible><FieldId>20926</FieldId><OnMobileLayout>false</OnMobileLayout></LevelLayoutItemBase></LayoutItems><PanelText i:nil="true" /></LevelLayoutSectionBase></Sections><SortOrder>0</SortOrder></AvailableTab><Description i:nil="true" /><GUID>5f6b99af-9ec1-4ae5-9acb-04483219020d</GUID><Id>749</Id><IsActive>true</IsActive><IsDefault>true</IsDefault><LevelId>316</LevelId><Name>Default Layout</Name><Properties><Columns><LevelLayoutColumn><UpdateInformation><CreateDate>2021-09-08T21:28:25.923</CreateDate><CreateLogin>2</CreateLogin><UpdateDate>2021-09-08T21:28:25.923</UpdateDate><UpdateLogin>2</UpdateLogin></UpdateInformation><Label>30</Label><SortOrder>0</SortOrder><Width>50</Width></LevelLayoutColumn><LevelLayoutColumn><UpdateInformation><CreateDate>2021-09-08T21:28:25.923</CreateDate><CreateLogin>2</CreateLogin><UpdateDate>2021-09-08T21:28:25.923</UpdateDate><UpdateLogin>2</UpdateLogin></UpdateInformation><Label>30</Label><SortOrder>1</SortOrder><Width>50</Width></LevelLayoutColumn></Columns><ControlSpacing>1</ControlSpacing><IsDdeValuesListFilterCumulative>false</IsDdeValuesListFilterCumulative><Label><Align>Right</Align><Wrap>true</Wrap></Label></Properties><RootTab><UpdateInformation><CreateDate>2021-09-08T21:28:25.923</CreateDate><CreateLogin>2</CreateLogin><UpdateDate>2021-09-08T21:28:25.923</UpdateDate><UpdateLogin>2</UpdateLogin></UpdateInformation><Guid>cc94f3d1-deb7-4a67-a096-8aef657b0e05</Guid><Id>3431</Id><IsDefault>true</IsDefault><LevelLayoutId i:nil="true" /><Name>General</Name><Sections><LevelLayoutSectionBase i:type="LevelLayoutSection"><UpdateInformation><CreateDate i:nil="true" /><CreateLogin i:nil="true" /><UpdateDate i:nil="true" /><UpdateLogin i:nil="true" /></UpdateInformation><ASOStatus>Normal</ASOStatus><Collapsed>false</Collapsed><Collapsible>false</Collapsible><Guid>a13836ad-eadc-4afe-98df-cec9c9a5a8fc</Guid><Id>7490</Id><LevelLayoutTabId>3431</LevelLayoutTabId><Name>General Information</Name><SectionType>Section</SectionType><SortOrder>0</SortOrder><HelpText i:nil="true" /><IsHelpIconDisplayed>false</IsHelpIconDisplayed><IsPanelTextDisplayed>false</IsPanelTextDisplayed><LayoutItems><LevelLayoutItemBase i:type="LevelLayoutItemField"><UpdateInformation><CreateDate>2021-09-08T21:28:25</CreateDate><CreateLogin>2</CreateLogin><UpdateDate>2021-09-08T21:28:25</UpdateDate><UpdateLogin>2</UpdateLogin></UpdateInformation><Alias>ab2ebf1597da4462b849f0c5488aa0ea</Alias><Column>1</Column><Guid>ab2ebf15-97da-4462-b849-f0c5488aa0ea</Guid><Id>45996</Id><LevelLayoutSectionId>7490</LevelLayoutSectionId><Name>Request ID</Name><Row>1</Row><SpanAllColumns>false</SpanAllColumns><SpanRowCount>0</SpanRowCount><Type>Field</Type><Collapsed>false</Collapsed><Collapsible>false</Collapsible><FieldId>20915</FieldId><OnMobileLayout>false</OnMobileLayout></LevelLayoutItemBase><LevelLayoutItemBase i:type="LevelLayoutItemField"><UpdateInformation><CreateDate>2021-09-08T21:28:25</CreateDate><CreateLogin>2</CreateLogin><UpdateDate>2021-09-08T21:28:25</UpdateDate><UpdateLogin>2</UpdateLogin></UpdateInformation><Alias>d2860c176aec41f487cbd5d446165faa</Alias><Column>2</Column><Guid>d2860c17-6aec-41f4-87cb-d5d446165faa</Guid><Id>45997</Id><LevelLayoutSectionId>7490</LevelLayoutSectionId><Name>Request Status</Name><Row>1</Row><SpanAllColumns>false</SpanAllColumns><SpanRowCount>0</SpanRowCount><Type>Field</Type><Collapsed>false</Collapsed><Collapsible>false</Collapsible><FieldId>20916</FieldId><OnMobileLayout>false</OnMobileLayout></LevelLayoutItemBase><LevelLayoutItemBase i:type="LevelLayoutItemField"><UpdateInformation><CreateDate>2021-09-08T21:28:25</CreateDate><CreateLogin>2</CreateLogin><UpdateDate>2021-09-08T21:28:25</UpdateDate><UpdateLogin>2</UpdateLogin></UpdateInformation><Alias>_77c45e80e87d496ca4636a3b3cae20e6</Alias><Column>1</Column><Guid>77c45e80-e87d-496c-a463-6a3b3cae20e6</Guid><Id>45998</Id><LevelLayoutSectionId>7490</LevelLayoutSectionId><Name>Requester</Name><Row>2</Row><SpanAllColumns>false</SpanAllColumns><SpanRowCount>0</SpanRowCount><Type>Field</Type><Collapsed>false</Collapsed><Collapsible>false</Collapsible><FieldId>20927</FieldId><OnMobileLayout>false</OnMobileLayout></LevelLayoutItemBase><LevelLayoutItemBase i:type="LevelLayoutItemField"><UpdateInformation><CreateDate>2021-09-08T21:28:25</CreateDate><CreateLogin>2</CreateLogin><UpdateDate>2021-09-08T21:28:25</UpdateDate><UpdateLogin>2</UpdateLogin></UpdateInformation><Alias>ee9d81ee0c1544349eaa8dda56c7e103</Alias><Column>2</Column><Guid>ee9d81ee-0c15-4434-9eaa-8dda56c7e103</Guid><Id>45999</Id><LevelLayoutSectionId>7490</LevelLayoutSectionId><Name>Request Submission Date</Name><Row>2</Row><SpanAllColumns>false</SpanAllColumns><SpanRowCount>0</SpanRowCount><Type>Field</Type><Collapsed>false</Collapsed><Collapsible>false</Collapsible><FieldId>20917</FieldId><OnMobileLayout>false</OnMobileLayout></LevelLayoutItemBase><LevelLayoutItemBase i:type="LevelLayoutItemField"><UpdateInformation><CreateDate>2021-09-08T21:28:25</CreateDate><CreateLogin>2</CreateLogin><UpdateDate>2021-09-08T21:28:25</UpdateDate><UpdateLogin>2</UpdateLogin></UpdateInformation><Alias>_2334c3f67df44a65831d6d49de4826cc</Alias><Column>2</Column><Guid>2334c3f6-7df4-4a65-831d-6d49de4826cc</Guid><Id>46000</Id><LevelLayoutSectionId>7490</LevelLayoutSectionId><Name>Request Approval Date</Name><Row>3</Row><SpanAllColumns>false</SpanAllColumns><SpanRowCount>0</SpanRowCount><Type>Field</Type><Collapsed>false</Collapsed><Collapsible>false</Collapsible><FieldId>20918</FieldId><OnMobileLayout>false</OnMobileLayout></LevelLayoutItemBase></LayoutItems><PanelText i:nil="true" /></LevelLayoutSectionBase><LevelLayoutSectionBase i:type="LevelLayoutSection"><UpdateInformation><CreateDate i:nil="true" /><CreateLogin i:nil="true" /><UpdateDate i:nil="true" /><UpdateLogin i:nil="true" /></UpdateInformation><ASOStatus>Normal</ASOStatus><Collapsed>false</Collapsed><Collapsible>true</Collapsible><Guid>721dc72a-74aa-4935-b0e0-50fc8694843b</Guid><Id>7491</Id><LevelLayoutTabId>3431</LevelLayoutTabId><Name>Request Details</Name><SectionType>Section</SectionType><SortOrder>1</SortOrder><HelpText i:nil="true" /><IsHelpIconDisplayed>false</IsHelpIconDisplayed><IsPanelTextDisplayed>false</IsPanelTextDisplayed><LayoutItems><LevelLayoutItemBase i:type="LevelLayoutItemField"><UpdateInformation><CreateDate>2021-09-08T21:28:25</CreateDate><CreateLogin>2</CreateLogin><UpdateDate>2021-09-08T21:28:25</UpdateDate><UpdateLogin>2</UpdateLogin></UpdateInformation><Alias>ce59c5fe36724dc280810cd02974fd39</Alias><Column>1</Column><Guid>ce59c5fe-3672-4dc2-8081-0cd02974fd39</Guid><Id>46002</Id><LevelLayoutSectionId>7491</LevelLayoutSectionId><Name>Request Type</Name><Row>1</Row><SpanAllColumns>false</SpanAllColumns><SpanRowCount>0</SpanRowCount><Type>Field</Type><Collapsed>false</Collapsed><Collapsible>false</Collapsible><FieldId>20919</FieldId><OnMobileLayout>false</OnMobileLayout></LevelLayoutItemBase><LevelLayoutItemBase i:type="LevelLayoutItemField"><UpdateInformation><CreateDate>2021-09-08T21:28:25</CreateDate><CreateLogin>2</CreateLogin><UpdateDate>2021-09-08T21:28:25</UpdateDate><UpdateLogin>2</UpdateLogin></UpdateInformation><Alias>_877449b146ef4dd79a6281fbffbf9562</Alias><Column>1</Column><Guid>877449b1-46ef-4dd7-9a62-81fbffbf9562</Guid><Id>46003</Id><LevelLayoutSectionId>7491</LevelLayoutSectionId><Name>Request Details</Name><Row>2</Row><SpanAllColumns>true</SpanAllColumns><SpanRowCount>0</SpanRowCount><Type>Field</Type><Collapsed>false</Collapsed><Collapsible>false</Collapsible><FieldId>20920</FieldId><OnMobileLayout>false</OnMobileLayout></LevelLayoutItemBase><LevelLayoutItemBase i:type="LevelLayoutItemField"><UpdateInformation><CreateDate>2021-09-08T21:28:25</CreateDate><CreateLogin>2</CreateLogin><UpdateDate>2021-10-05T20:19:16</UpdateDate><UpdateLogin>2</UpdateLogin></UpdateInformation><Alias>_429dffeb029148e0842d1772b77db1a9</Alias><Column>2</Column><Guid>429dffeb-0291-48e0-842d-1772b77db1a9</Guid><Id>46001</Id><LevelLayoutSectionId>7491</LevelLayoutSectionId><Name>Manager</Name><Row>3</Row><SpanAllColumns>false</SpanAllColumns><SpanRowCount>0</SpanRowCount><Type>Field</Type><Collapsed>false</Collapsed><Collapsible>false</Collapsible><FieldId>20928</FieldId><OnMobileLayout>false</OnMobileLayout></LevelLayoutItemBase><LevelLayoutItemBase i:type="LevelLayoutItemField"><UpdateInformation><CreateDate>2021-10-05T20:18:05</CreateDate><CreateLogin>2</CreateLogin><UpdateDate>2021-10-05T20:19:16</UpdateDate><UpdateLogin>2</UpdateLogin></UpdateInformation><Alias>_1f62c4ee7ba94177aebdf77395226317</Alias><Column>1</Column><Guid>1f62c4ee-7ba9-4177-aebd-f77395226317</Guid><Id>46014</Id><LevelLayoutSectionId>7491</LevelLayoutSectionId><Name>Impacted User</Name><Row>3</Row><SpanAllColumns>false</SpanAllColumns><SpanRowCount>0</SpanRowCount><Type>Field</Type><Collapsed>false</Collapsed><Collapsible>false</Collapsible><FieldId>20935</FieldId><OnMobileLayout>false</OnMobileLayout></LevelLayoutItemBase><LevelLayoutItemBase i:type="LevelLayoutItemField"><UpdateInformation><CreateDate>2021-09-08T21:28:25</CreateDate><CreateLogin>2</CreateLogin><UpdateDate>2021-09-08T21:28:25</UpdateDate><UpdateLogin>2</UpdateLogin></UpdateInformation><Alias>_58a14a7f248c4c14bcfeea00ca875520</Alias><Column>1</Column><Guid>58a14a7f-248c-4c14-bcfe-ea00ca875520</Guid><Id>46005</Id><LevelLayoutSectionId>7491</LevelLayoutSectionId><Name>Groups to Add</Name><Row>4</Row><SpanAllColumns>false</SpanAllColumns><SpanRowCount>0</SpanRowCount><Type>Field</Type><Collapsed>false</Collapsed><Collapsible>false</Collapsible><FieldId>20929</FieldId><OnMobileLayout>false</OnMobileLayout></LevelLayoutItemBase><LevelLayoutItemBase i:type="LevelLayoutItemField"><UpdateInformation><CreateDate>2021-09-08T21:28:25</CreateDate><CreateLogin>2</CreateLogin><UpdateDate>2021-09-08T21:28:25</UpdateDate><UpdateLogin>2</UpdateLogin></UpdateInformation><Alias>_8d190740e2a849a9a3ce35773b56b16d</Alias><Column>2</Column><Guid>8d190740-e2a8-49a9-a3ce-35773b56b16d</Guid><Id>46006</Id><LevelLayoutSectionId>7491</LevelLayoutSectionId><Name>Groups to Remove</Name><Row>4</Row><SpanAllColumns>false</SpanAllColumns><SpanRowCount>0</SpanRowCount><Type>Field</Type><Collapsed>false</Collapsed><Collapsible>false</Collapsible><FieldId>20930</FieldId><OnMobileLayout>false</OnMobileLayout></LevelLayoutItemBase></LayoutItems><PanelText i:nil="true" /></LevelLayoutSectionBase><LevelLayoutSectionBase i:type="LevelLayoutSection"><UpdateInformation><CreateDate i:nil="true" /><CreateLogin i:nil="true" /><UpdateDate i:nil="true" /><UpdateLogin i:nil="true" /></UpdateInformation><ASOStatus>Normal</ASOStatus><Collapsed>false</Collapsed><Collapsible>true</Collapsible><Guid>1e89d4e5-2070-442a-8c59-2c81b45a3dd9</Guid><Id>7492</Id><LevelLayoutTabId>3431</LevelLayoutTabId><Name>Manager Review Details</Name><SectionType>Section</SectionType><SortOrder>2</SortOrder><HelpText i:nil="true" /><IsHelpIconDisplayed>false</IsHelpIconDisplayed><IsPanelTextDisplayed>false</IsPanelTextDisplayed><LayoutItems><LevelLayoutItemBase i:type="LevelLayoutItemField"><UpdateInformation><CreateDate>2021-09-08T21:28:25</CreateDate><CreateLogin>2</CreateLogin><UpdateDate>2021-09-08T21:28:25</UpdateDate><UpdateLogin>2</UpdateLogin></UpdateInformation><Alias>_4088f8853c1445839af1a48cfdb0cac8</Alias><Column>1</Column><Guid>4088f885-3c14-4583-9af1-a48cfdb0cac8</Guid><Id>46007</Id><LevelLayoutSectionId>7492</LevelLayoutSectionId><Name>Manager Review Comments</Name><Row>1</Row><SpanAllColumns>false</SpanAllColumns><SpanRowCount>0</SpanRowCount><Type>Field</Type><Collapsed>false</Collapsed><Collapsible>false</Collapsible><FieldId>20922</FieldId><OnMobileLayout>false</OnMobileLayout></LevelLayoutItemBase><LevelLayoutItemBase i:type="LevelLayoutItemField"><UpdateInformation><CreateDate>2021-09-08T21:28:25</CreateDate><CreateLogin>2</CreateLogin><UpdateDate>2021-09-08T21:28:25</UpdateDate><UpdateLogin>2</UpdateLogin></UpdateInformation><Alias>dbcb72d33b734bc2b6c7f088a6d513ce</Alias><Column>2</Column><Guid>dbcb72d3-3b73-4bc2-b6c7-f088a6d513ce</Guid><Id>46008</Id><LevelLayoutSectionId>7492</LevelLayoutSectionId><Name>Manager Review Date</Name><Row>1</Row><SpanAllColumns>false</SpanAllColumns><SpanRowCount>0</SpanRowCount><Type>Field</Type><Collapsed>false</Collapsed><Collapsible>false</Collapsible><FieldId>20923</FieldId><OnMobileLayout>false</OnMobileLayout></LevelLayoutItemBase><LevelLayoutItemBase i:type="LevelLayoutItemField"><UpdateInformation><CreateDate>2021-09-22T13:53:08</CreateDate><CreateLogin>2</CreateLogin><UpdateDate>2021-09-22T14:02:54</UpdateDate><UpdateLogin>2</UpdateLogin></UpdateInformation><Alias>_72c5831510fc4aa0bd17493d8ee56d4b</Alias><Column>1</Column><Guid>72c58315-10fc-4aa0-bd17-493d8ee56d4b</Guid><Id>46012</Id><LevelLayoutSectionId>7492</LevelLayoutSectionId><Name>Processor Activity</Name><Row>2</Row><SpanAllColumns>true</SpanAllColumns><SpanRowCount>0</SpanRowCount><Type>Field</Type><Collapsed>false</Collapsed><Collapsible>false</Collapsible><FieldId>20934</FieldId><OnMobileLayout>false</OnMobileLayout></LevelLayoutItemBase></LayoutItems><PanelText i:nil="true" /></LevelLayoutSectionBase><LevelLayoutSectionBase i:type="LevelLayoutTabSetSection"><UpdateInformation><CreateDate i:nil="true" /><CreateLogin i:nil="true" /><UpdateDate i:nil="true" /><UpdateLogin i:nil="true" /></UpdateInformation><ASOStatus>Normal</ASOStatus><Collapsed>false</Collapsed><Collapsible>false</Collapsible><Guid>33248619-2a24-47cb-b6e1-1b0855ed85b4</Guid><Id>7493</Id><LevelLayoutTabId>3431</LevelLayoutTabId><Name>Administrative</Name><SectionType>TabSet</SectionType><SortOrder>3</SortOrder><Height i:nil="true" /><Tabs><LevelLayoutTab><UpdateInformation><CreateDate i:nil="true" /><CreateLogin i:nil="true" /><UpdateDate i:nil="true" /><UpdateLogin i:nil="true" /></UpdateInformation><Guid>6111ca68-66d0-41d3-9df8-4cf6792659f2</Guid><Id>3432</Id><IsDefault>true</IsDefault><LevelLayoutId i:nil="true" /><Name>History Log</Name><Sections><LevelLayoutSectionBase i:type="LevelLayoutSection"><UpdateInformation><CreateDate i:nil="true" /><CreateLogin i:nil="true" /><UpdateDate i:nil="true" /><UpdateLogin i:nil="true" /></UpdateInformation><ASOStatus>Normal</ASOStatus><Collapsed>true</Collapsed><Collapsible>true</Collapsible><Guid>c11aacb5-1145-4d35-9786-d01868d8c901</Guid><Id>7494</Id><LevelLayoutTabId>3432</LevelLayoutTabId><Name>History Log</Name><SectionType>Section</SectionType><SortOrder>0</SortOrder><HelpText i:nil="true" /><IsHelpIconDisplayed>false</IsHelpIconDisplayed><IsPanelTextDisplayed>false</IsPanelTextDisplayed><LayoutItems><LevelLayoutItemBase i:type="LevelLayoutItemField"><UpdateInformation><CreateDate>2021-09-08T21:28:25</CreateDate><CreateLogin>2</CreateLogin><UpdateDate>2021-09-08T21:28:25</UpdateDate><UpdateLogin>2</UpdateLogin></UpdateInformation><Alias>_2c600d2e406e48329ab4f42612f09898</Alias><Column>1</Column><Guid>2c600d2e-406e-4832-9ab4-f42612f09898</Guid><Id>46009</Id><LevelLayoutSectionId>7494</LevelLayoutSectionId><Name>History Log</Name><Row>1</Row><SpanAllColumns>false</SpanAllColumns><SpanRowCount>1</SpanRowCount><Type>Field</Type><Collapsed>false</Collapsed><Collapsible>false</Collapsible><FieldId>20933</FieldId><OnMobileLayout>false</OnMobileLayout></LevelLayoutItemBase></LayoutItems><PanelText i:nil="true" /></LevelLayoutSectionBase></Sections><SortOrder>0</SortOrder></LevelLayoutTab><LevelLayoutTab><UpdateInformation><CreateDate i:nil="true" /><CreateLogin i:nil="true" /><UpdateDate i:nil="true" /><UpdateLogin i:nil="true" /></UpdateInformation><Guid>a18bbd94-3bcd-42b7-8102-44a142d7aace</Guid><Id>3433</Id><IsDefault>false</IsDefault><LevelLayoutId i:nil="true" /><Name>Administration</Name><Sections><LevelLayoutSectionBase i:type="LevelLayoutSection"><UpdateInformation><CreateDate i:nil="true" /><CreateLogin i:nil="true" /><UpdateDate i:nil="true" /><UpdateLogin i:nil="true" /></UpdateInformation><ASOStatus>Normal</ASOStatus><Collapsed>false</Collapsed><Collapsible>true</Collapsible><Guid>ec66142e-7a9a-4a31-abcf-3b5cb347a720</Guid><Id>7495</Id><LevelLayoutTabId>3433</LevelLayoutTabId><Name>Administration</Name><SectionType>Section</SectionType><SortOrder>0</SortOrder><HelpText i:nil="true" /><IsHelpIconDisplayed>false</IsHelpIconDisplayed><IsPanelTextDisplayed>false</IsPanelTextDisplayed><LayoutItems><LevelLayoutItemBase i:type="LevelLayoutItemField"><UpdateInformation><CreateDate>2021-09-08T21:28:25</CreateDate><CreateLogin>2</CreateLogin><UpdateDate>2021-09-08T21:28:25</UpdateDate><UpdateLogin>2</UpdateLogin></UpdateInformation><Alias>_1c8ae13ae4cb4f998981ef2fab8cd901</Alias><Column>1</Column><Guid>1c8ae13a-e4cb-4f99-8981-ef2fab8cd901</Guid><Id>46010</Id><LevelLayoutSectionId>7495</LevelLayoutSectionId><Name>Tracking ID</Name><Row>1</Row><SpanAllColumns>false</SpanAllColumns><SpanRowCount>1</SpanRowCount><Type>Field</Type><Collapsed>false</Collapsed><Collapsible>false</Collapsible><FieldId>20912</FieldId><OnMobileLayout>false</OnMobileLayout></LevelLayoutItemBase><LevelLayoutItemBase i:type="LevelLayoutItemField"><UpdateInformation><CreateDate>2021-09-08T21:28:25</CreateDate><CreateLogin>2</CreateLogin><UpdateDate>2021-09-08T21:28:25</UpdateDate><UpdateLogin>2</UpdateLogin></UpdateInformation><Alias>fb9ea6e90fce43c384664c4c12e67967</Alias><Column>2</Column><Guid>fb9ea6e9-0fce-43c3-8466-4c4c12e67967</Guid><Id>46011</Id><LevelLayoutSectionId>7495</LevelLayoutSectionId><Name>Implemented?</Name><Row>1</Row><SpanAllColumns>false</SpanAllColumns><SpanRowCount>0</SpanRowCount><Type>Field</Type><Collapsed>false</Collapsed><Collapsible>false</Collapsible><FieldId>20921</FieldId><OnMobileLayout>false</OnMobileLayout></LevelLayoutItemBase></LayoutItems><PanelText i:nil="true" /></LevelLayoutSectionBase></Sections><SortOrder>1</SortOrder></LevelLayoutTab></Tabs></LevelLayoutSectionBase></Sections><SortOrder>1</SortOrder></RootTab></LevelLayout></LevelLayout></LevelLayouts><OtherLevelLayouts /><FieldDisplays><FieldDisplay fieldGuid="c518fc9d-e20c-4a4d-9496-c6adf931754e"><FieldDisplay xmlns:i="http://www.w3.org/2001/XMLSchema-instance" i:type="TrackingIdFieldDisplay" xmlns="http://schemas.datacontract.org/2004/07/ArcherTech.Common.Domain"><FieldHelpDisplay i:nil="true" /><Id>20912</Id><IsSearchable>true</IsSearchable><Type>TrackingID</Type><AdvancedDisplayOption i:nil="true" /><IsSearchResult>true</IsSearchResult><Prefix i:nil="true" /><Suffix i:nil="true" /></FieldDisplay></FieldDisplay><FieldDisplay fieldGuid="526dd36d-9bc4-4b7b-a197-f1a5c08bfabc"><FieldDisplay xmlns:i="http://www.w3.org/2001/XMLSchema-instance" i:type="FirstPublishedDateFieldDisplay" xmlns="http://schemas.datacontract.org/2004/07/ArcherTech.Common.Domain"><FieldHelpDisplay i:nil="true" /><Id>20913</Id><IsSearchable>true</IsSearchable><Type>FirstPublishedDate</Type><AdvancedDisplayOption i:nil="true" /><DisplayInHeader>true</DisplayInHeader><IncludeTimeInformation>true</IncludeTimeInformation><IncludeUserInformation>false</IncludeUserInformation><IsSearchResult>false</IsSearchResult></FieldDisplay></FieldDisplay><FieldDisplay fieldGuid="b2b4a975-35fc-497c-80bf-67be9dc07df6"><FieldDisplay xmlns:i="http://www.w3.org/2001/XMLSchema-instance" i:type="LastUpdatedDateFieldDisplay" xmlns="http://schemas.datacontract.org/2004/07/ArcherTech.Common.Domain"><FieldHelpDisplay i:nil="true" /><Id>20914</Id><IsSearchable>true</IsSearchable><Type>LastUpdatedDate</Type><AdvancedDisplayOption i:nil="true" /><DisplayInHeader>true</DisplayInHeader><IncludeTimeInformation>true</IncludeTimeInformation><IncludeUserInformation>false</IncludeUserInformation><IsSearchResult>false</IsSearchResult></FieldDisplay></FieldDisplay><FieldDisplay fieldGuid="9b174acc-da21-4b0c-a756-a0790f06b3f9"><FieldDisplay xmlns:i="http://www.w3.org/2001/XMLSchema-instance" i:type="TextFieldDisplay" xmlns="http://schemas.datacontract.org/2004/07/ArcherTech.Common.Domain"><FieldHelpDisplay><DisplayAboveInEdit>false</DisplayAboveInEdit><DisplayAboveInView>false</DisplayAboveInView><DisplayBelowInEdit>false</DisplayBelowInEdit><DisplayBelowInView>false</DisplayBelowInView><DisplayIconInEdit>false</DisplayIconInEdit><DisplayIconInView>false</DisplayIconInView><DisplayTooltipInEdit>true</DisplayTooltipInEdit><DisplayTooltipInView>true</DisplayTooltipInView></FieldHelpDisplay><Id>20915</Id><IsSearchable>true</IsSearchable><Type>Text</Type><AdvancedDisplayOption i:nil="true" /><DisplayControlType>TextField</DisplayControlType><Height>5</Height><IsAuditEnabled>true</IsAuditEnabled><IsBulkUpdateEnabled>false</IsBulkUpdateEnabled><IsEditableInSearch>false</IsEditableInSearch><IsSearchResult>true</IsSearchResult><Width i:nil="true" /></FieldDisplay></FieldDisplay><FieldDisplay fieldGuid="b41830f4-5452-477f-8709-f3be27f6f92f"><FieldDisplay xmlns:i="http://www.w3.org/2001/XMLSchema-instance" i:type="ValuesListFieldDisplay" xmlns="http://schemas.datacontract.org/2004/07/ArcherTech.Common.Domain"><FieldHelpDisplay><DisplayAboveInEdit>false</DisplayAboveInEdit><DisplayAboveInView>false</DisplayAboveInView><DisplayBelowInEdit>false</DisplayBelowInEdit><DisplayBelowInView>false</DisplayBelowInView><DisplayIconInEdit>false</DisplayIconInEdit><DisplayIconInView>false</DisplayIconInView><DisplayTooltipInEdit>true</DisplayTooltipInEdit><DisplayTooltipInView>true</DisplayTooltipInView></FieldHelpDisplay><Id>20916</Id><IsSearchable>true</IsSearchable><Type>ValuesList</Type><AdvancedDisplayOption i:nil="true" /><AllowSorting>false</AllowSorting><ColumnCount>1</ColumnCount><DisplayControlType>DropdownList</DisplayControlType><EnableDescriptionLink>false</EnableDescriptionLink><Height>5</Height><IsAuditEnabled>false</IsAuditEnabled><IsBulkUpdateEnabled>false</IsBulkUpdateEnabled><IsEditableInSearch>false</IsEditableInSearch><IsFindEnabled>false</IsFindEnabled><IsSearchResult>false</IsSearchResult></FieldDisplay></FieldDisplay><FieldDisplay fieldGuid="a735be57-452f-492e-9a4f-229730a310a9"><FieldDisplay xmlns:i="http://www.w3.org/2001/XMLSchema-instance" i:type="DateTimeFieldDisplay" xmlns="http://schemas.datacontract.org/2004/07/ArcherTech.Common.Domain"><FieldHelpDisplay><DisplayAboveInEdit>false</DisplayAboveInEdit><DisplayAboveInView>false</DisplayAboveInView><DisplayBelowInEdit>false</DisplayBelowInEdit><DisplayBelowInView>false</DisplayBelowInView><DisplayIconInEdit>false</DisplayIconInEdit><DisplayIconInView>false</DisplayIconInView><DisplayTooltipInEdit>true</DisplayTooltipInEdit><DisplayTooltipInView>true</DisplayTooltipInView></FieldHelpDisplay><Id>20917</Id><IsSearchable>true</IsSearchable><Type>Date</Type><AdvancedDisplayOption i:nil="true" /><DisplayControlType>Popup</DisplayControlType><IsAuditEnabled>false</IsAuditEnabled><IsBulkUpdateEnabled>false</IsBulkUpdateEnabled><IsEditableInSearch>false</IsEditableInSearch><IsSearchResult>false</IsSearchResult></FieldDisplay></FieldDisplay><FieldDisplay fieldGuid="2b17fd65-673f-412b-a954-082a2aa1e3ee"><FieldDisplay xmlns:i="http://www.w3.org/2001/XMLSchema-instance" i:type="DateTimeFieldDisplay" xmlns="http://schemas.datacontract.org/2004/07/ArcherTech.Common.Domain"><FieldHelpDisplay><DisplayAboveInEdit>false</DisplayAboveInEdit><DisplayAboveInView>false</DisplayAboveInView><DisplayBelowInEdit>false</DisplayBelowInEdit><DisplayBelowInView>false</DisplayBelowInView><DisplayIconInEdit>false</DisplayIconInEdit><DisplayIconInView>false</DisplayIconInView><DisplayTooltipInEdit>true</DisplayTooltipInEdit><DisplayTooltipInView>true</DisplayTooltipInView></FieldHelpDisplay><Id>20918</Id><IsSearchable>true</IsSearchable><Type>Date</Type><AdvancedDisplayOption i:nil="true" /><DisplayControlType>Popup</DisplayControlType><IsAuditEnabled>false</IsAuditEnabled><IsBulkUpdateEnabled>false</IsBulkUpdateEnabled><IsEditableInSearch>false</IsEditableInSearch><IsSearchResult>false</IsSearchResult></FieldDisplay></FieldDisplay><FieldDisplay fieldGuid="eaa0c2c2-a265-4d9e-870f-9c232c5e5495"><FieldDisplay xmlns:i="http://www.w3.org/2001/XMLSchema-instance" i:type="ValuesListFieldDisplay" xmlns="http://schemas.datacontract.org/2004/07/ArcherTech.Common.Domain"><FieldHelpDisplay><DisplayAboveInEdit>false</DisplayAboveInEdit><DisplayAboveInView>false</DisplayAboveInView><DisplayBelowInEdit>false</DisplayBelowInEdit><DisplayBelowInView>false</DisplayBelowInView><DisplayIconInEdit>false</DisplayIconInEdit><DisplayIconInView>false</DisplayIconInView><DisplayTooltipInEdit>true</DisplayTooltipInEdit><DisplayTooltipInView>true</DisplayTooltipInView></FieldHelpDisplay><Id>20919</Id><IsSearchable>true</IsSearchable><Type>ValuesList</Type><AdvancedDisplayOption i:nil="true" /><AllowSorting>false</AllowSorting><ColumnCount>1</ColumnCount><DisplayControlType>Popup</DisplayControlType><EnableDescriptionLink>false</EnableDescriptionLink><Height>5</Height><IsAuditEnabled>false</IsAuditEnabled><IsBulkUpdateEnabled>false</IsBulkUpdateEnabled><IsEditableInSearch>false</IsEditableInSearch><IsFindEnabled>false</IsFindEnabled><IsSearchResult>false</IsSearchResult></FieldDisplay></FieldDisplay><FieldDisplay fieldGuid="5fddf681-8f26-45b0-9f26-0814827f318c"><FieldDisplay xmlns:i="http://www.w3.org/2001/XMLSchema-instance" i:type="TextFieldDisplay" xmlns="http://schemas.datacontract.org/2004/07/ArcherTech.Common.Domain"><FieldHelpDisplay><DisplayAboveInEdit>false</DisplayAboveInEdit><DisplayAboveInView>false</DisplayAboveInView><DisplayBelowInEdit>false</DisplayBelowInEdit><DisplayBelowInView>false</DisplayBelowInView><DisplayIconInEdit>false</DisplayIconInEdit><DisplayIconInView>false</DisplayIconInView><DisplayTooltipInEdit>true</DisplayTooltipInEdit><DisplayTooltipInView>true</DisplayTooltipInView></FieldHelpDisplay><Id>20920</Id><IsSearchable>true</IsSearchable><Type>Text</Type><AdvancedDisplayOption><DisplayText>&lt;html&gt;&lt;head&gt;&lt;/head&gt;&lt;p style="margin: 0px"&gt;Detail the reason behind the changes to access for the impacted user.&lt;/p&gt;&lt;/html&gt;</DisplayText><FieldLayoutFormat>VerticalDisplayFieldName</FieldLayoutFormat></AdvancedDisplayOption><DisplayControlType>TextArea</DisplayControlType><Height>3</Height><IsAuditEnabled>false</IsAuditEnabled><IsBulkUpdateEnabled>false</IsBulkUpdateEnabled><IsEditableInSearch>false</IsEditableInSearch><IsSearchResult>false</IsSearchResult><Width i:nil="true" /></FieldDisplay></FieldDisplay><FieldDisplay fieldGuid="013834a2-097f-47e9-9cd6-81576c6e404f"><FieldDisplay xmlns:i="http://www.w3.org/2001/XMLSchema-instance" i:type="ValuesListFieldDisplay" xmlns="http://schemas.datacontract.org/2004/07/ArcherTech.Common.Domain"><FieldHelpDisplay><DisplayAboveInEdit>false</DisplayAboveInEdit><DisplayAboveInView>false</DisplayAboveInView><DisplayBelowInEdit>false</DisplayBelowInEdit><DisplayBelowInView>false</DisplayBelowInView><DisplayIconInEdit>false</DisplayIconInEdit><DisplayIconInView>false</DisplayIconInView><DisplayTooltipInEdit>true</DisplayTooltipInEdit><DisplayTooltipInView>true</DisplayTooltipInView></FieldHelpDisplay><Id>20921</Id><IsSearchable>true</IsSearchable><Type>ValuesList</Type><AdvancedDisplayOption i:nil="true" /><AllowSorting>false</AllowSorting><ColumnCount>1</ColumnCount><DisplayControlType>DropdownList</DisplayControlType><EnableDescriptionLink>false</EnableDescriptionLink><Height>5</Height><IsAuditEnabled>false</IsAuditEnabled><IsBulkUpdateEnabled>false</IsBulkUpdateEnabled><IsEditableInSearch>false</IsEditableInSearch><IsFindEnabled>false</IsFindEnabled><IsSearchResult>false</IsSearchResult></FieldDisplay></FieldDisplay><FieldDisplay fieldGuid="44717016-c67c-4a6b-9219-e0c126746b4b"><FieldDisplay xmlns:i="http://www.w3.org/2001/XMLSchema-instance" i:type="TextFieldDisplay" xmlns="http://schemas.datacontract.org/2004/07/ArcherTech.Common.Domain"><FieldHelpDisplay><DisplayAboveInEdit>false</DisplayAboveInEdit><DisplayAboveInView>false</DisplayAboveInView><DisplayBelowInEdit>false</DisplayBelowInEdit><DisplayBelowInView>false</DisplayBelowInView><DisplayIconInEdit>false</DisplayIconInEdit><DisplayIconInView>false</DisplayIconInView><DisplayTooltipInEdit>true</DisplayTooltipInEdit><DisplayTooltipInView>true</DisplayTooltipInView></FieldHelpDisplay><Id>20922</Id><IsSearchable>true</IsSearchable><Type>Text</Type><AdvancedDisplayOption i:nil="true" /><DisplayControlType>TextArea</DisplayControlType><Height>3</Height><IsAuditEnabled>false</IsAuditEnabled><IsBulkUpdateEnabled>false</IsBulkUpdateEnabled><IsEditableInSearch>false</IsEditableInSearch><IsSearchResult>false</IsSearchResult><Width i:nil="true" /></FieldDisplay></FieldDisplay><FieldDisplay fieldGuid="62861a5b-ea4f-432f-9aca-f83948ec2464"><FieldDisplay xmlns:i="http://www.w3.org/2001/XMLSchema-instance" i:type="DateTimeFieldDisplay" xmlns="http://schemas.datacontract.org/2004/07/ArcherTech.Common.Domain"><FieldHelpDisplay><DisplayAboveInEdit>false</DisplayAboveInEdit><DisplayAboveInView>false</DisplayAboveInView><DisplayBelowInEdit>false</DisplayBelowInEdit><DisplayBelowInView>false</DisplayBelowInView><DisplayIconInEdit>false</DisplayIconInEdit><DisplayIconInView>false</DisplayIconInView><DisplayTooltipInEdit>true</DisplayTooltipInEdit><DisplayTooltipInView>true</DisplayTooltipInView></FieldHelpDisplay><Id>20923</Id><IsSearchable>true</IsSearchable><Type>Date</Type><AdvancedDisplayOption i:nil="true" /><DisplayControlType>Popup</DisplayControlType><IsAuditEnabled>false</IsAuditEnabled><IsBulkUpdateEnabled>false</IsBulkUpdateEnabled><IsEditableInSearch>false</IsEditableInSearch><IsSearchResult>false</IsSearchResult></FieldDisplay></FieldDisplay><FieldDisplay fieldGuid="494d476f-a34d-4d08-bffd-207954babb76"><FieldDisplay xmlns:i="http://www.w3.org/2001/XMLSchema-instance" i:type="TextFieldDisplay" xmlns="http://schemas.datacontract.org/2004/07/ArcherTech.Common.Domain"><FieldHelpDisplay><DisplayAboveInEdit>false</DisplayAboveInEdit><DisplayAboveInView>false</DisplayAboveInView><DisplayBelowInEdit>false</DisplayBelowInEdit><DisplayBelowInView>false</DisplayBelowInView><DisplayIconInEdit>false</DisplayIconInEdit><DisplayIconInView>false</DisplayIconInView><DisplayTooltipInEdit>true</DisplayTooltipInEdit><DisplayTooltipInView>true</DisplayTooltipInView></FieldHelpDisplay><Id>20924</Id><IsSearchable>true</IsSearchable><Type>Text</Type><AdvancedDisplayOption i:nil="true" /><DisplayControlType>TextField</DisplayControlType><Height>5</Height><IsAuditEnabled>false</IsAuditEnabled><IsBulkUpdateEnabled>false</IsBulkUpdateEnabled><IsEditableInSearch>false</IsEditableInSearch><IsSearchResult>false</IsSearchResult><Width i:nil="true" /></FieldDisplay></FieldDisplay><FieldDisplay fieldGuid="e238a2fa-9823-4f71-a75c-b099a3e0ac11"><FieldDisplay xmlns:i="http://www.w3.org/2001/XMLSchema-instance" i:type="NumericFieldDisplay" xmlns="http://schemas.datacontract.org/2004/07/ArcherTech.Common.Domain"><FieldHelpDisplay><DisplayAboveInEdit>false</DisplayAboveInEdit><DisplayAboveInView>false</DisplayAboveInView><DisplayBelowInEdit>false</DisplayBelowInEdit><DisplayBelowInView>false</DisplayBelowInView><DisplayIconInEdit>false</DisplayIconInEdit><DisplayIconInView>false</DisplayIconInView><DisplayTooltipInEdit>true</DisplayTooltipInEdit><DisplayTooltipInView>true</DisplayTooltipInView></FieldHelpDisplay><Id>20925</Id><IsSearchable>true</IsSearchable><Type>Numeric</Type><AdvancedDisplayOption i:nil="true" /><AllowSorting>false</AllowSorting><Increment i:nil="true" /><IsAuditEnabled>false</IsAuditEnabled><IsBulkUpdateEnabled>false</IsBulkUpdateEnabled><IsEditableInSearch>false</IsEditableInSearch><IsFormatted>false</IsFormatted><IsSearchResult>false</IsSearchResult><IsSumField>false</IsSumField><NegativeDisplay>ShowNegative</NegativeDisplay><Prefix i:nil="true" /><Suffix i:nil="true" /></FieldDisplay></FieldDisplay><FieldDisplay fieldGuid="df6069c6-0e89-4a92-8342-e0a66e65e010"><FieldDisplay xmlns:i="http://www.w3.org/2001/XMLSchema-instance" i:type="ValuesListFieldDisplay" xmlns="http://schemas.datacontract.org/2004/07/ArcherTech.Common.Domain"><FieldHelpDisplay><DisplayAboveInEdit>false</DisplayAboveInEdit><DisplayAboveInView>false</DisplayAboveInView><DisplayBelowInEdit>false</DisplayBelowInEdit><DisplayBelowInView>false</DisplayBelowInView><DisplayIconInEdit>false</DisplayIconInEdit><DisplayIconInView>false</DisplayIconInView><DisplayTooltipInEdit>true</DisplayTooltipInEdit><DisplayTooltipInView>true</DisplayTooltipInView></FieldHelpDisplay><Id>20926</Id><IsSearchable>true</IsSearchable><Type>ValuesList</Type><AdvancedDisplayOption i:nil="true" /><AllowSorting>false</AllowSorting><ColumnCount i:nil="true" /><DisplayControlType>DropdownList</DisplayControlType><EnableDescriptionLink>false</EnableDescriptionLink><Height>5</Height><IsAuditEnabled>false</IsAuditEnabled><IsBulkUpdateEnabled>false</IsBulkUpdateEnabled><IsEditableInSearch>false</IsEditableInSearch><IsFindEnabled>true</IsFindEnabled><IsSearchResult>false</IsSearchResult></FieldDisplay></FieldDisplay><FieldDisplay fieldGuid="ea7d9a4a-71c9-4a18-a105-847a349db354"><FieldDisplay xmlns:i="http://www.w3.org/2001/XMLSchema-instance" i:type="UserGroupListFieldDisplay" xmlns="http://schemas.datacontract.org/2004/07/ArcherTech.Common.Domain"><FieldHelpDisplay><DisplayAboveInEdit>false</DisplayAboveInEdit><DisplayAboveInView>false</DisplayAboveInView><DisplayBelowInEdit>false</DisplayBelowInEdit><DisplayBelowInView>false</DisplayBelowInView><DisplayIconInEdit>false</DisplayIconInEdit><DisplayIconInView>false</DisplayIconInView><DisplayTooltipInEdit>true</DisplayTooltipInEdit><DisplayTooltipInView>true</DisplayTooltipInView></FieldHelpDisplay><Id>20927</Id><IsSearchable>true</IsSearchable><Type>UsersGroupsList</Type><AdvancedDisplayOption i:nil="true" /><ColumnCount>1</ColumnCount><DisplayControlType>Popup</DisplayControlType><Height>5</Height><IsAuditEnabled>false</IsAuditEnabled><IsBulkUpdateEnabled>false</IsBulkUpdateEnabled><IsEditableInSearch>false</IsEditableInSearch><IsSearchResult>false</IsSearchResult></FieldDisplay></FieldDisplay><FieldDisplay fieldGuid="8a40b0e1-790c-4109-9090-0992a0610867"><FieldDisplay xmlns:i="http://www.w3.org/2001/XMLSchema-instance" i:type="UserGroupListFieldDisplay" xmlns="http://schemas.datacontract.org/2004/07/ArcherTech.Common.Domain"><FieldHelpDisplay><DisplayAboveInEdit>false</DisplayAboveInEdit><DisplayAboveInView>false</DisplayAboveInView><DisplayBelowInEdit>false</DisplayBelowInEdit><DisplayBelowInView>false</DisplayBelowInView><DisplayIconInEdit>false</DisplayIconInEdit><DisplayIconInView>false</DisplayIconInView><DisplayTooltipInEdit>true</DisplayTooltipInEdit><DisplayTooltipInView>true</DisplayTooltipInView></FieldHelpDisplay><Id>20928</Id><IsSearchable>true</IsSearchable><Type>UsersGroupsList</Type><AdvancedDisplayOption i:nil="true" /><ColumnCount>1</ColumnCount><DisplayControlType>Popup</DisplayControlType><Height>5</Height><IsAuditEnabled>false</IsAuditEnabled><IsBulkUpdateEnabled>false</IsBulkUpdateEnabled><IsEditableInSearch>false</IsEditableInSearch><IsSearchResult>false</IsSearchResult></FieldDisplay></FieldDisplay><FieldDisplay fieldGuid="4aa3eeba-ed14-4bc3-9c62-da1401a41428"><FieldDisplay xmlns:i="http://www.w3.org/2001/XMLSchema-instance" i:type="UserGroupListFieldDisplay" xmlns="http://schemas.datacontract.org/2004/07/ArcherTech.Common.Domain"><FieldHelpDisplay><DisplayAboveInEdit>false</DisplayAboveInEdit><DisplayAboveInView>false</DisplayAboveInView><DisplayBelowInEdit>false</DisplayBelowInEdit><DisplayBelowInView>false</DisplayBelowInView><DisplayIconInEdit>false</DisplayIconInEdit><DisplayIconInView>false</DisplayIconInView><DisplayTooltipInEdit>true</DisplayTooltipInEdit><DisplayTooltipInView>true</DisplayTooltipInView></FieldHelpDisplay><Id>20929</Id><IsSearchable>true</IsSearchable><Type>UsersGroupsList</Type><AdvancedDisplayOption i:nil="true" /><ColumnCount>1</ColumnCount><DisplayControlType>Popup</DisplayControlType><Height>5</Height><IsAuditEnabled>false</IsAuditEnabled><IsBulkUpdateEnabled>false</IsBulkUpdateEnabled><IsEditableInSearch>false</IsEditableInSearch><IsSearchResult>false</IsSearchResult></FieldDisplay></FieldDisplay><FieldDisplay fieldGuid="f79d6dc8-0265-4724-b24d-b623aed7f5cd"><FieldDisplay xmlns:i="http://www.w3.org/2001/XMLSchema-instance" i:type="UserGroupListFieldDisplay" xmlns="http://schemas.datacontract.org/2004/07/ArcherTech.Common.Domain"><FieldHelpDisplay><DisplayAboveInEdit>false</DisplayAboveInEdit><DisplayAboveInView>false</DisplayAboveInView><DisplayBelowInEdit>false</DisplayBelowInEdit><DisplayBelowInView>false</DisplayBelowInView><DisplayIconInEdit>false</DisplayIconInEdit><DisplayIconInView>false</DisplayIconInView><DisplayTooltipInEdit>true</DisplayTooltipInEdit><DisplayTooltipInView>true</DisplayTooltipInView></FieldHelpDisplay><Id>20930</Id><IsSearchable>true</IsSearchable><Type>UsersGroupsList</Type><AdvancedDisplayOption i:nil="true" /><ColumnCount>1</ColumnCount><DisplayControlType>Popup</DisplayControlType><Height>5</Height><IsAuditEnabled>false</IsAuditEnabled><IsBulkUpdateEnabled>false</IsBulkUpdateEnabled><IsEditableInSearch>false</IsEditableInSearch><IsSearchResult>false</IsSearchResult></FieldDisplay></FieldDisplay><FieldDisplay fieldGuid="282bddd1-578b-4743-9ce5-c9b8376e6705"><FieldDisplay xmlns:i="http://www.w3.org/2001/XMLSchema-instance" i:type="HistoryLogFieldDisplay" xmlns="http://schemas.datacontract.org/2004/07/ArcherTech.Common.Domain"><FieldHelpDisplay><DisplayAboveInEdit>false</DisplayAboveInEdit><DisplayAboveInView>false</DisplayAboveInView><DisplayBelowInEdit>false</DisplayBelowInEdit><DisplayBelowInView>false</DisplayBelowInView><DisplayIconInEdit>false</DisplayIconInEdit><DisplayIconInView>false</DisplayIconInView><DisplayTooltipInEdit>true</DisplayTooltipInEdit><DisplayTooltipInView>true</DisplayTooltipInView></FieldHelpDisplay><Id>20933</Id><IsSearchable>true</IsSearchable><Type>HistoryLog</Type><AdvancedDisplayOption i:nil="true" /><DisplayControlType>Embedded</DisplayControlType><IsSearchResult>false</IsSearchResult><LogFormatType>Detailed</LogFormatType><ShowUserChangesOnly>false</ShowUserChangesOnly></FieldDisplay></FieldDisplay><FieldDisplay fieldGuid="a075e930-4b7a-472b-8a64-72dc4c9d84e9"><FieldDisplay xmlns:i="http://www.w3.org/2001/XMLSchema-instance" i:type="TextFieldDisplay" xmlns="http://schemas.datacontract.org/2004/07/ArcherTech.Common.Domain"><FieldHelpDisplay><DisplayAboveInEdit>false</DisplayAboveInEdit><DisplayAboveInView>false</DisplayAboveInView><DisplayBelowInEdit>false</DisplayBelowInEdit><DisplayBelowInView>false</DisplayBelowInView><DisplayIconInEdit>false</DisplayIconInEdit><DisplayIconInView>false</DisplayIconInView><DisplayTooltipInEdit>true</DisplayTooltipInEdit><DisplayTooltipInView>true</DisplayTooltipInView></FieldHelpDisplay><Id>20934</Id><IsSearchable>true</IsSearchable><Type>Text</Type><AdvancedDisplayOption i:nil="true" /><DisplayControlType>TextArea</DisplayControlType><Height>5</Height><IsAuditEnabled>false</IsAuditEnabled><IsBulkUpdateEnabled>false</IsBulkUpdateEnabled><IsEditableInSearch>false</IsEditableInSearch><IsSearchResult>false</IsSearchResult><Width i:nil="true" /></FieldDisplay></FieldDisplay><FieldDisplay fieldGuid="76b5c7aa-8a9f-4217-907d-82ddb9195303"><FieldDisplay xmlns:i="http://www.w3.org/2001/XMLSchema-instance" i:type="UserGroupListFieldDisplay" xmlns="http://schemas.datacontract.org/2004/07/ArcherTech.Common.Domain"><FieldHelpDisplay><DisplayAboveInEdit>false</DisplayAboveInEdit><DisplayAboveInView>false</DisplayAboveInView><DisplayBelowInEdit>false</DisplayBelowInEdit><DisplayBelowInView>false</DisplayBelowInView><DisplayIconInEdit>false</DisplayIconInEdit><DisplayIconInView>false</DisplayIconInView><DisplayTooltipInEdit>true</DisplayTooltipInEdit><DisplayTooltipInView>true</DisplayTooltipInView></FieldHelpDisplay><Id>20935</Id><IsSearchable>true</IsSearchable><Type>UsersGroupsList</Type><AdvancedDisplayOption i:nil="true" /><ColumnCount>1</ColumnCount><DisplayControlType>DropdownList</DisplayControlType><Height>5</Height><IsAuditEnabled>false</IsAuditEnabled><IsBulkUpdateEnabled>false</IsBulkUpdateEnabled><IsEditableInSearch>false</IsEditableInSearch><IsSearchResult>false</IsSearchResult></FieldDisplay></FieldDisplay></FieldDisplays><FieldHelps><FieldHelp fieldGuid="c518fc9d-e20c-4a4d-9496-c6adf931754e"><FieldHelp xmlns:i="http://www.w3.org/2001/XMLSchema-instance" xmlns="http://schemas.datacontract.org/2004/07/ArcherTech.Common.Domain"><HelpText i:nil="true" /><Id>20912</Id></FieldHelp></FieldHelp><FieldHelp fieldGuid="526dd36d-9bc4-4b7b-a197-f1a5c08bfabc"><FieldHelp xmlns:i="http://www.w3.org/2001/XMLSchema-instance" xmlns="http://schemas.datacontract.org/2004/07/ArcherTech.Common.Domain"><HelpText i:nil="true" /><Id>20913</Id></FieldHelp></FieldHelp><FieldHelp fieldGuid="b2b4a975-35fc-497c-80bf-67be9dc07df6"><FieldHelp xmlns:i="http://www.w3.org/2001/XMLSchema-instance" xmlns="http://schemas.datacontract.org/2004/07/ArcherTech.Common.Domain"><HelpText i:nil="true" /><Id>20914</Id></FieldHelp></FieldHelp><FieldHelp fieldGuid="9b174acc-da21-4b0c-a756-a0790f06b3f9"><FieldHelp xmlns:i="http://www.w3.org/2001/XMLSchema-instance" xmlns="http://schemas.datacontract.org/2004/07/ArcherTech.Common.Domain"><HelpText i:nil="true" /><Id>20915</Id></FieldHelp></FieldHelp><FieldHelp fieldGuid="b41830f4-5452-477f-8709-f3be27f6f92f"><FieldHelp xmlns:i="http://www.w3.org/2001/XMLSchema-instance" xmlns="http://schemas.datacontract.org/2004/07/ArcherTech.Common.Domain"><HelpText i:nil="true" /><Id>20916</Id></FieldHelp></FieldHelp><FieldHelp fieldGuid="a735be57-452f-492e-9a4f-229730a310a9"><FieldHelp xmlns:i="http://www.w3.org/2001/XMLSchema-instance" xmlns="http://schemas.datacontract.org/2004/07/ArcherTech.Common.Domain"><HelpText i:nil="true" /><Id>20917</Id></FieldHelp></FieldHelp><FieldHelp fieldGuid="2b17fd65-673f-412b-a954-082a2aa1e3ee"><FieldHelp xmlns:i="http://www.w3.org/2001/XMLSchema-instance" xmlns="http://schemas.datacontract.org/2004/07/ArcherTech.Common.Domain"><HelpText i:nil="true" /><Id>20918</Id></FieldHelp></FieldHelp><FieldHelp fieldGuid="eaa0c2c2-a265-4d9e-870f-9c232c5e5495"><FieldHelp xmlns:i="http://www.w3.org/2001/XMLSchema-instance" xmlns="http://schemas.datacontract.org/2004/07/ArcherTech.Common.Domain"><HelpText i:nil="true" /><Id>20919</Id></FieldHelp></FieldHelp><FieldHelp fieldGuid="5fddf681-8f26-45b0-9f26-0814827f318c"><FieldHelp xmlns:i="http://www.w3.org/2001/XMLSchema-instance" xmlns="http://schemas.datacontract.org/2004/07/ArcherTech.Common.Domain"><HelpText i:nil="true" /><Id>20920</Id></FieldHelp></FieldHelp><FieldHelp fieldGuid="013834a2-097f-47e9-9cd6-81576c6e404f"><FieldHelp xmlns:i="http://www.w3.org/2001/XMLSchema-instance" xmlns="http://schemas.datacontract.org/2004/07/ArcherTech.Common.Domain"><HelpText i:nil="true" /><Id>20921</Id></FieldHelp></FieldHelp><FieldHelp fieldGuid="44717016-c67c-4a6b-9219-e0c126746b4b"><FieldHelp xmlns:i="http://www.w3.org/2001/XMLSchema-instance" xmlns="http://schemas.datacontract.org/2004/07/ArcherTech.Common.Domain"><HelpText i:nil="true" /><Id>20922</Id></FieldHelp></FieldHelp><FieldHelp fieldGuid="62861a5b-ea4f-432f-9aca-f83948ec2464"><FieldHelp xmlns:i="http://www.w3.org/2001/XMLSchema-instance" xmlns="http://schemas.datacontract.org/2004/07/ArcherTech.Common.Domain"><HelpText i:nil="true" /><Id>20923</Id></FieldHelp></FieldHelp><FieldHelp fieldGuid="494d476f-a34d-4d08-bffd-207954babb76"><FieldHelp xmlns:i="http://www.w3.org/2001/XMLSchema-instance" xmlns="http://schemas.datacontract.org/2004/07/ArcherTech.Common.Domain"><HelpText>This name is the current work flow node that the content is in</HelpText><Id>20924</Id></FieldHelp></FieldHelp><FieldHelp fieldGuid="e238a2fa-9823-4f71-a75c-b099a3e0ac11"><FieldHelp xmlns:i="http://www.w3.org/2001/XMLSchema-instance" xmlns="http://schemas.datacontract.org/2004/07/ArcherTech.Common.Domain"><HelpText>This is the workflow version the content was enrolled under.</HelpText><Id>20925</Id></FieldHelp></FieldHelp><FieldHelp fieldGuid="df6069c6-0e89-4a92-8342-e0a66e65e010"><FieldHelp xmlns:i="http://www.w3.org/2001/XMLSchema-instance" xmlns="http://schemas.datacontract.org/2004/07/ArcherTech.Common.Domain"><HelpText>This is the most recent workflow job status</HelpText><Id>20926</Id></FieldHelp></FieldHelp><FieldHelp fieldGuid="ea7d9a4a-71c9-4a18-a105-847a349db354"><FieldHelp xmlns:i="http://www.w3.org/2001/XMLSchema-instance" xmlns="http://schemas.datacontract.org/2004/07/ArcherTech.Common.Domain"><HelpText i:nil="true" /><Id>20927</Id></FieldHelp></FieldHelp><FieldHelp fieldGuid="8a40b0e1-790c-4109-9090-0992a0610867"><FieldHelp xmlns:i="http://www.w3.org/2001/XMLSchema-instance" xmlns="http://schemas.datacontract.org/2004/07/ArcherTech.Common.Domain"><HelpText i:nil="true" /><Id>20928</Id></FieldHelp></FieldHelp><FieldHelp fieldGuid="4aa3eeba-ed14-4bc3-9c62-da1401a41428"><FieldHelp xmlns:i="http://www.w3.org/2001/XMLSchema-instance" xmlns="http://schemas.datacontract.org/2004/07/ArcherTech.Common.Domain"><HelpText i:nil="true" /><Id>20929</Id></FieldHelp></FieldHelp><FieldHelp fieldGuid="f79d6dc8-0265-4724-b24d-b623aed7f5cd"><FieldHelp xmlns:i="http://www.w3.org/2001/XMLSchema-instance" xmlns="http://schemas.datacontract.org/2004/07/ArcherTech.Common.Domain"><HelpText i:nil="true" /><Id>20930</Id></FieldHelp></FieldHelp><FieldHelp fieldGuid="282bddd1-578b-4743-9ce5-c9b8376e6705"><FieldHelp xmlns:i="http://www.w3.org/2001/XMLSchema-instance" xmlns="http://schemas.datacontract.org/2004/07/ArcherTech.Common.Domain"><HelpText i:nil="true" /><Id>20933</Id></FieldHelp></FieldHelp><FieldHelp fieldGuid="a075e930-4b7a-472b-8a64-72dc4c9d84e9"><FieldHelp xmlns:i="http://www.w3.org/2001/XMLSchema-instance" xmlns="http://schemas.datacontract.org/2004/07/ArcherTech.Common.Domain"><HelpText i:nil="true" /><Id>20934</Id></FieldHelp></FieldHelp><FieldHelp fieldGuid="76b5c7aa-8a9f-4217-907d-82ddb9195303"><FieldHelp xmlns:i="http://www.w3.org/2001/XMLSchema-instance" xmlns="http://schemas.datacontract.org/2004/07/ArcherTech.Common.Domain"><HelpText i:nil="true" /><Id>20935</Id></FieldHelp></FieldHelp></FieldHelps><FieldDescriptions><FieldDescription fieldGuid="c518fc9d-e20c-4a4d-9496-c6adf931754e"></FieldDescription><FieldDescription fieldGuid="526dd36d-9bc4-4b7b-a197-f1a5c08bfabc"></FieldDescription><FieldDescription fieldGuid="b2b4a975-35fc-497c-80bf-67be9dc07df6"></FieldDescription><FieldDescription fieldGuid="9b174acc-da21-4b0c-a756-a0790f06b3f9"></FieldDescription><FieldDescription fieldGuid="b41830f4-5452-477f-8709-f3be27f6f92f"></FieldDescription><FieldDescription fieldGuid="a735be57-452f-492e-9a4f-229730a310a9"></FieldDescription><FieldDescription fieldGuid="2b17fd65-673f-412b-a954-082a2aa1e3ee"></FieldDescription><FieldDescription fieldGuid="eaa0c2c2-a265-4d9e-870f-9c232c5e5495"></FieldDescription><FieldDescription fieldGuid="5fddf681-8f26-45b0-9f26-0814827f318c"></FieldDescription><FieldDescription fieldGuid="013834a2-097f-47e9-9cd6-81576c6e404f"></FieldDescription><FieldDescription fieldGuid="44717016-c67c-4a6b-9219-e0c126746b4b"></FieldDescription><FieldDescription fieldGuid="62861a5b-ea4f-432f-9aca-f83948ec2464"></FieldDescription><FieldDescription fieldGuid="494d476f-a34d-4d08-bffd-207954babb76"></FieldDescription><FieldDescription fieldGuid="e238a2fa-9823-4f71-a75c-b099a3e0ac11"></FieldDescription><FieldDescription fieldGuid="df6069c6-0e89-4a92-8342-e0a66e65e010"></FieldDescription><FieldDescription fieldGuid="ea7d9a4a-71c9-4a18-a105-847a349db354"></FieldDescription><FieldDescription fieldGuid="8a40b0e1-790c-4109-9090-0992a0610867"></FieldDescription><FieldDescription fieldGuid="4aa3eeba-ed14-4bc3-9c62-da1401a41428"></FieldDescription><FieldDescription fieldGuid="f79d6dc8-0265-4724-b24d-b623aed7f5cd"></FieldDescription><FieldDescription fieldGuid="282bddd1-578b-4743-9ce5-c9b8376e6705"></FieldDescription><FieldDescription fieldGuid="a075e930-4b7a-472b-8a64-72dc4c9d84e9"></FieldDescription><FieldDescription fieldGuid="76b5c7aa-8a9f-4217-907d-82ddb9195303"></FieldDescription></FieldDescriptions><FieldAuthorizations /><ValuesListValueDisplays><ValuesListValueDisplay valuesListGuid="7691335b-1453-4969-93bc-524815971ece"><ValuesListValueDisplay xmlns:i="http://www.w3.org/2001/XMLSchema-instance" xmlns="http://schemas.datacontract.org/2004/07/ArcherTech.Common.Domain"><Color>#000000</Color><Id>71299</Id><ImageName i:nil="true" /><OtherTextHeight>5</OtherTextHeight></ValuesListValueDisplay><ValuesListValueDisplay xmlns:i="http://www.w3.org/2001/XMLSchema-instance" xmlns="http://schemas.datacontract.org/2004/07/ArcherTech.Common.Domain"><Color>#000000</Color><Id>71300</Id><ImageName i:nil="true" /><OtherTextHeight>5</OtherTextHeight></ValuesListValueDisplay><ValuesListValueDisplay xmlns:i="http://www.w3.org/2001/XMLSchema-instance" xmlns="http://schemas.datacontract.org/2004/07/ArcherTech.Common.Domain"><Color>#000000</Color><Id>71301</Id><ImageName i:nil="true" /><OtherTextHeight>5</OtherTextHeight></ValuesListValueDisplay><ValuesListValueDisplay xmlns:i="http://www.w3.org/2001/XMLSchema-instance" xmlns="http://schemas.datacontract.org/2004/07/ArcherTech.Common.Domain"><Color>#000000</Color><Id>71302</Id><ImageName i:nil="true" /><OtherTextHeight>5</OtherTextHeight></ValuesListValueDisplay><ValuesListValueDisplay xmlns:i="http://www.w3.org/2001/XMLSchema-instance" xmlns="http://schemas.datacontract.org/2004/07/ArcherTech.Common.Domain"><Color>#000000</Color><Id>72347</Id><ImageName i:nil="true" /><OtherTextHeight>5</OtherTextHeight></ValuesListValueDisplay></ValuesListValueDisplay><ValuesListValueDisplay valuesListGuid="751d126c-593d-41bc-b6a7-9710e8166fb1"><ValuesListValueDisplay xmlns:i="http://www.w3.org/2001/XMLSchema-instance" xmlns="http://schemas.datacontract.org/2004/07/ArcherTech.Common.Domain"><Color>#000000</Color><Id>72713</Id><ImageName i:nil="true" /><OtherTextHeight>5</OtherTextHeight></ValuesListValueDisplay><ValuesListValueDisplay xmlns:i="http://www.w3.org/2001/XMLSchema-instance" xmlns="http://schemas.datacontract.org/2004/07/ArcherTech.Common.Domain"><Color>#000000</Color><Id>72714</Id><ImageName i:nil="true" /><OtherTextHeight>5</OtherTextHeight></ValuesListValueDisplay><ValuesListValueDisplay xmlns:i="http://www.w3.org/2001/XMLSchema-instance" xmlns="http://schemas.datacontract.org/2004/07/ArcherTech.Common.Domain"><Color>#000000</Color><Id>72715</Id><ImageName i:nil="true" /><OtherTextHeight>5</OtherTextHeight></ValuesListValueDisplay><ValuesListValueDisplay xmlns:i="http://www.w3.org/2001/XMLSchema-instance" xmlns="http://schemas.datacontract.org/2004/07/ArcherTech.Common.Domain"><Color>#000000</Color><Id>72716</Id><ImageName i:nil="true" /><OtherTextHeight>5</OtherTextHeight></ValuesListValueDisplay></ValuesListValueDisplay><ValuesListValueDisplay valuesListGuid="9e40c7d6-20ea-4ebc-833e-a8d3feb9a320"><ValuesListValueDisplay xmlns:i="http://www.w3.org/2001/XMLSchema-instance" xmlns="http://schemas.datacontract.org/2004/07/ArcherTech.Common.Domain"><Color>#000000</Color><Id>72717</Id><ImageName i:nil="true" /><OtherTextHeight>5</OtherTextHeight></ValuesListValueDisplay><ValuesListValueDisplay xmlns:i="http://www.w3.org/2001/XMLSchema-instance" xmlns="http://schemas.datacontract.org/2004/07/ArcherTech.Common.Domain"><Color>#000000</Color><Id>72718</Id><ImageName i:nil="true" /><OtherTextHeight>5</OtherTextHeight></ValuesListValueDisplay></ValuesListValueDisplay><ValuesListValueDisplay valuesListGuid="43ad5406-26bf-4bfb-9374-36f01b6816cb"><ValuesListValueDisplay xmlns:i="http://www.w3.org/2001/XMLSchema-instance" xmlns="http://schemas.datacontract.org/2004/07/ArcherTech.Common.Domain"><Color>#000000</Color><Id>72719</Id><ImageName i:nil="true" /><OtherTextHeight>5</OtherTextHeight></ValuesListValueDisplay><ValuesListValueDisplay xmlns:i="http://www.w3.org/2001/XMLSchema-instance" xmlns="http://schemas.datacontract.org/2004/07/ArcherTech.Common.Domain"><Color>#000000</Color><Id>72720</Id><ImageName i:nil="true" /><OtherTextHeight>5</OtherTextHeight></ValuesListValueDisplay><ValuesListValueDisplay xmlns:i="http://www.w3.org/2001/XMLSchema-instance" xmlns="http://schemas.datacontract.org/2004/07/ArcherTech.Common.Domain"><Color>#000000</Color><Id>72721</Id><ImageName i:nil="true" /><OtherTextHeight>5</OtherTextHeight></ValuesListValueDisplay></ValuesListValueDisplay></ValuesListValueDisplays><NumericRanges><NumericRange fieldGuid="e238a2fa-9823-4f71-a75c-b099a3e0ac11"><NumericRangeDefinition xmlns:i="http://www.w3.org/2001/XMLSchema-instance" xmlns="http://schemas.datacontract.org/2004/07/ArcherTech.Common.Domain"><Alias i:nil="true" /><FieldId>20925</FieldId><GUID>6e4ba8c8-d3a7-47a2-a4ab-01cc1e3fa7e3</GUID><Id>1529</Id><IsSystem>false</IsSystem><RangeValues i:nil="true" /></NumericRangeDefinition></NumericRange></NumericRanges><UsersGroupsAdministrators /><Filters /><HistoryLogFieldSelections><HistoryLogFieldSelection fieldGuid="282bddd1-578b-4743-9ce5-c9b8376e6705"><HistoryLogFieldSelection xmlns:i="http://www.w3.org/2001/XMLSchema-instance" xmlns="http://schemas.datacontract.org/2004/07/ArcherTech.Common.Domain"><FieldId>20933</FieldId><IsDetailViewEnabled>true</IsDetailViewEnabled><IsVersionViewEnabled>true</IsVersionViewEnabled><SortOrder>0</SortOrder><TrackedFieldId>20915</TrackedFieldId></HistoryLogFieldSelection><HistoryLogFieldSelection xmlns:i="http://www.w3.org/2001/XMLSchema-instance" xmlns="http://schemas.datacontract.org/2004/07/ArcherTech.Common.Domain"><FieldId>20933</FieldId><IsDetailViewEnabled>true</IsDetailViewEnabled><IsVersionViewEnabled>true</IsVersionViewEnabled><SortOrder>0</SortOrder><TrackedFieldId>20916</TrackedFieldId></HistoryLogFieldSelection><HistoryLogFieldSelection xmlns:i="http://www.w3.org/2001/XMLSchema-instance" xmlns="http://schemas.datacontract.org/2004/07/ArcherTech.Common.Domain"><FieldId>20933</FieldId><IsDetailViewEnabled>true</IsDetailViewEnabled><IsVersionViewEnabled>true</IsVersionViewEnabled><SortOrder>0</SortOrder><TrackedFieldId>20917</TrackedFieldId></HistoryLogFieldSelection><HistoryLogFieldSelection xmlns:i="http://www.w3.org/2001/XMLSchema-instance" xmlns="http://schemas.datacontract.org/2004/07/ArcherTech.Common.Domain"><FieldId>20933</FieldId><IsDetailViewEnabled>true</IsDetailViewEnabled><IsVersionViewEnabled>true</IsVersionViewEnabled><SortOrder>0</SortOrder><TrackedFieldId>20918</TrackedFieldId></HistoryLogFieldSelection><HistoryLogFieldSelection xmlns:i="http://www.w3.org/2001/XMLSchema-instance" xmlns="http://schemas.datacontract.org/2004/07/ArcherTech.Common.Domain"><FieldId>20933</FieldId><IsDetailViewEnabled>true</IsDetailViewEnabled><IsVersionViewEnabled>true</IsVersionViewEnabled><SortOrder>0</SortOrder><TrackedFieldId>20919</TrackedFieldId></HistoryLogFieldSelection><HistoryLogFieldSelection xmlns:i="http://www.w3.org/2001/XMLSchema-instance" xmlns="http://schemas.datacontract.org/2004/07/ArcherTech.Common.Domain"><FieldId>20933</FieldId><IsDetailViewEnabled>true</IsDetailViewEnabled><IsVersionViewEnabled>true</IsVersionViewEnabled><SortOrder>0</SortOrder><TrackedFieldId>20920</TrackedFieldId></HistoryLogFieldSelection><HistoryLogFieldSelection xmlns:i="http://www.w3.org/2001/XMLSchema-instance" xmlns="http://schemas.datacontract.org/2004/07/ArcherTech.Common.Domain"><FieldId>20933</FieldId><IsDetailViewEnabled>true</IsDetailViewEnabled><IsVersionViewEnabled>true</IsVersionViewEnabled><SortOrder>0</SortOrder><TrackedFieldId>20921</TrackedFieldId></HistoryLogFieldSelection><HistoryLogFieldSelection xmlns:i="http://www.w3.org/2001/XMLSchema-instance" xmlns="http://schemas.datacontract.org/2004/07/ArcherTech.Common.Domain"><FieldId>20933</FieldId><IsDetailViewEnabled>true</IsDetailViewEnabled><IsVersionViewEnabled>true</IsVersionViewEnabled><SortOrder>0</SortOrder><TrackedFieldId>20922</TrackedFieldId></HistoryLogFieldSelection><HistoryLogFieldSelection xmlns:i="http://www.w3.org/2001/XMLSchema-instance" xmlns="http://schemas.datacontract.org/2004/07/ArcherTech.Common.Domain"><FieldId>20933</FieldId><IsDetailViewEnabled>true</IsDetailViewEnabled><IsVersionViewEnabled>true</IsVersionViewEnabled><SortOrder>0</SortOrder><TrackedFieldId>20923</TrackedFieldId></HistoryLogFieldSelection><HistoryLogFieldSelection xmlns:i="http://www.w3.org/2001/XMLSchema-instance" xmlns="http://schemas.datacontract.org/2004/07/ArcherTech.Common.Domain"><FieldId>20933</FieldId><IsDetailViewEnabled>true</IsDetailViewEnabled><IsVersionViewEnabled>true</IsVersionViewEnabled><SortOrder>0</SortOrder><TrackedFieldId>20924</TrackedFieldId></HistoryLogFieldSelection><HistoryLogFieldSelection xmlns:i="http://www.w3.org/2001/XMLSchema-instance" xmlns="http://schemas.datacontract.org/2004/07/ArcherTech.Common.Domain"><FieldId>20933</FieldId><IsDetailViewEnabled>true</IsDetailViewEnabled><IsVersionViewEnabled>true</IsVersionViewEnabled><SortOrder>0</SortOrder><TrackedFieldId>20925</TrackedFieldId></HistoryLogFieldSelection><HistoryLogFieldSelection xmlns:i="http://www.w3.org/2001/XMLSchema-instance" xmlns="http://schemas.datacontract.org/2004/07/ArcherTech.Common.Domain"><FieldId>20933</FieldId><IsDetailViewEnabled>true</IsDetailViewEnabled><IsVersionViewEnabled>true</IsVersionViewEnabled><SortOrder>0</SortOrder><TrackedFieldId>20926</TrackedFieldId></HistoryLogFieldSelection><HistoryLogFieldSelection xmlns:i="http://www.w3.org/2001/XMLSchema-instance" xmlns="http://schemas.datacontract.org/2004/07/ArcherTech.Common.Domain"><FieldId>20933</FieldId><IsDetailViewEnabled>true</IsDetailViewEnabled><IsVersionViewEnabled>true</IsVersionViewEnabled><SortOrder>0</SortOrder><TrackedFieldId>20927</TrackedFieldId></HistoryLogFieldSelection><HistoryLogFieldSelection xmlns:i="http://www.w3.org/2001/XMLSchema-instance" xmlns="http://schemas.datacontract.org/2004/07/ArcherTech.Common.Domain"><FieldId>20933</FieldId><IsDetailViewEnabled>true</IsDetailViewEnabled><IsVersionViewEnabled>true</IsVersionViewEnabled><SortOrder>0</SortOrder><TrackedFieldId>20928</TrackedFieldId></HistoryLogFieldSelection><HistoryLogFieldSelection xmlns:i="http://www.w3.org/2001/XMLSchema-instance" xmlns="http://schemas.datacontract.org/2004/07/ArcherTech.Common.Domain"><FieldId>20933</FieldId><IsDetailViewEnabled>true</IsDetailViewEnabled><IsVersionViewEnabled>true</IsVersionViewEnabled><SortOrder>0</SortOrder><TrackedFieldId>20929</TrackedFieldId></HistoryLogFieldSelection><HistoryLogFieldSelection xmlns:i="http://www.w3.org/2001/XMLSchema-instance" xmlns="http://schemas.datacontract.org/2004/07/ArcherTech.Common.Domain"><FieldId>20933</FieldId><IsDetailViewEnabled>true</IsDetailViewEnabled><IsVersionViewEnabled>true</IsVersionViewEnabled><SortOrder>0</SortOrder><TrackedFieldId>20930</TrackedFieldId></HistoryLogFieldSelection><HistoryLogFieldSelection xmlns:i="http://www.w3.org/2001/XMLSchema-instance" xmlns="http://schemas.datacontract.org/2004/07/ArcherTech.Common.Domain"><FieldId>20933</FieldId><IsDetailViewEnabled>true</IsDetailViewEnabled><IsVersionViewEnabled>true</IsVersionViewEnabled><SortOrder>0</SortOrder><TrackedFieldId>20934</TrackedFieldId></HistoryLogFieldSelection><HistoryLogFieldSelection xmlns:i="http://www.w3.org/2001/XMLSchema-instance" xmlns="http://schemas.datacontract.org/2004/07/ArcherTech.Common.Domain"><FieldId>20933</FieldId><IsDetailViewEnabled>true</IsDetailViewEnabled><IsVersionViewEnabled>true</IsVersionViewEnabled><SortOrder>0</SortOrder><TrackedFieldId>20935</TrackedFieldId></HistoryLogFieldSelection></HistoryLogFieldSelection></HistoryLogFieldSelections><ContainedReferenceFields /><InheritedFields /><StateBaseOptionRules><StateBaseOptionRule fieldGuid="ea7d9a4a-71c9-4a18-a105-847a349db354"><StateBaseOptionRuleContainer xmlns:i="http://www.w3.org/2001/XMLSchema-instance" xmlns="http://schemas.datacontract.org/2004/07/ArcherTech.Common.Domain"><FilterCriteria><Conditions><FilterConditionBase i:type="DateComparisonFilterCondition"><UpdateInformation><CreateDate i:nil="true" /><CreateLogin i:nil="true" /><UpdateDate i:nil="true" /><UpdateLogin i:nil="true" /></UpdateInformation><FilterType>DateComparison</FilterType><Id>23385</Id><Order>1</Order><FieldId>20913</FieldId><IsOldContent>false</IsOldContent><ParentFieldId i:nil="true" /><RequiresContentChanged>false</RequiresContentChanged><IncludeTime>false</IncludeTime><Operator>Equals</Operator><TimeZoneId i:nil="true" /><Value i:nil="true" /></FilterConditionBase><FilterConditionBase i:type="DateComparisonFilterCondition"><UpdateInformation><CreateDate i:nil="true" /><CreateLogin i:nil="true" /><UpdateDate i:nil="true" /><UpdateLogin i:nil="true" /></UpdateInformation><FilterType>DateComparison</FilterType><Id>23386</Id><Order>2</Order><FieldId>20913</FieldId><IsOldContent>false</IsOldContent><ParentFieldId i:nil="true" /><RequiresContentChanged>false</RequiresContentChanged><IncludeTime>false</IncludeTime><Operator>DoesNotEqual</Operator><TimeZoneId i:nil="true" /><Value i:nil="true" /></FilterConditionBase></Conditions><Id>5425</Id><OperatorLogic>1 OR 2</OperatorLogic></FilterCriteria><StateBaseOptionRule><UpdateInformation><CreateDate>2021-09-08T21:28:25.923</CreateDate><CreateLogin>2</CreateLogin><UpdateDate>2021-09-08T21:28:25.923</UpdateDate><UpdateLogin>2</UpdateLogin></UpdateInformation><Alias>Always_True</Alias><Description i:nil="true" /><Guid>0d0d2b6b-559d-46be-ab22-5291d097fbc8</Guid><Id>129</Id><Name>Always True</Name><CanDelete>false</CanDelete><CanRead>true</CanRead><CanUpdate>true</CanUpdate><FilterId>5425</FilterId></StateBaseOptionRule></StateBaseOptionRuleContainer></StateBaseOptionRule><StateBaseOptionRule fieldGuid="8a40b0e1-790c-4109-9090-0992a0610867"><StateBaseOptionRuleContainer xmlns:i="http://www.w3.org/2001/XMLSchema-instance" xmlns="http://schemas.datacontract.org/2004/07/ArcherTech.Common.Domain"><FilterCriteria><Conditions><FilterConditionBase i:type="DateComparisonFilterCondition"><UpdateInformation><CreateDate i:nil="true" /><CreateLogin i:nil="true" /><UpdateDate i:nil="true" /><UpdateLogin i:nil="true" /></UpdateInformation><FilterType>DateComparison</FilterType><Id>23387</Id><Order>1</Order><FieldId>20913</FieldId><IsOldContent>false</IsOldContent><ParentFieldId i:nil="true" /><RequiresContentChanged>false</RequiresContentChanged><IncludeTime>false</IncludeTime><Operator>Equals</Operator><TimeZoneId i:nil="true" /><Value i:nil="true" /></FilterConditionBase><FilterConditionBase i:type="DateComparisonFilterCondition"><UpdateInformation><CreateDate i:nil="true" /><CreateLogin i:nil="true" /><UpdateDate i:nil="true" /><UpdateLogin i:nil="true" /></UpdateInformation><FilterType>DateComparison</FilterType><Id>23388</Id><Order>2</Order><FieldId>20913</FieldId><IsOldContent>false</IsOldContent><ParentFieldId i:nil="true" /><RequiresContentChanged>false</RequiresContentChanged><IncludeTime>false</IncludeTime><Operator>DoesNotEqual</Operator><TimeZoneId i:nil="true" /><Value i:nil="true" /></FilterConditionBase></Conditions><Id>5426</Id><OperatorLogic>1 OR 2</OperatorLogic></FilterCriteria><StateBaseOptionRule><UpdateInformation><CreateDate>2021-09-08T21:28:25.923</CreateDate><CreateLogin>2</CreateLogin><UpdateDate>2021-09-08T21:28:25.923</UpdateDate><UpdateLogin>2</UpdateLogin></UpdateInformation><Alias>Always_True_1</Alias><Description i:nil="true" /><Guid>347a0c87-7486-431c-a3b7-49fa25ad523d</Guid><Id>130</Id><Name>Always True</Name><CanDelete>false</CanDelete><CanRead>true</CanRead><CanUpdate>true</CanUpdate><FilterId>5426</FilterId></StateBaseOptionRule></StateBaseOptionRuleContainer></StateBaseOptionRule></StateBaseOptionRules><AutomaticOptionRules /><ManualSelectedUserGroups /><QuestionnareReferences /><QuestionContentReferences /><QuestionFilterValues /></PackageLevelLayout>