﻿<?xml version="1.0" encoding="utf-8"?><PackageNavMenu><Menu moduleGuid="10008129-34f0-4038-a22b-ff7b5d19ae7f"><ModuleMenu xmlns:i="http://www.w3.org/2001/XMLSchema-instance" xmlns="http://schemas.datacontract.org/2004/07/ArcherTech.Common.Domain"><Id>516</Id><MenuItems><ModuleMenuItemBase i:type="AddNewMenuItem"><UpdateInformation><CreateDate>2021-09-08T21:28:25.923</CreateDate><CreateLogin>2</CreateLogin><UpdateDate>2021-09-08T21:28:25.923</UpdateDate><UpdateLogin>2</UpdateLogin></UpdateInformation><Guid>7ba011aa-e11a-4fa8-bad1-9371e97a876d</Guid><IsShown>true</IsShown><Menu>AddNew</Menu><OverrideLabel i:nil="true" /></ModuleMenuItemBase><ModuleMenuItemBase i:type="AdvancedSearchMenuItem"><UpdateInformation><CreateDate>2021-09-08T21:28:25.923</CreateDate><CreateLogin>2</CreateLogin><UpdateDate>2021-09-08T21:28:25.923</UpdateDate><UpdateLogin>2</UpdateLogin></UpdateInformation><Guid>544219d7-8f1a-47f7-9947-cacd0ec493ef</Guid><IsShown>true</IsShown><Menu>AdvancedSearch</Menu><OverrideLabel i:nil="true" /></ModuleMenuItemBase><ModuleMenuItemBase i:type="DataImportMenuItem"><UpdateInformation><CreateDate>2021-09-08T21:28:25.923</CreateDate><CreateLogin>2</CreateLogin><UpdateDate>2021-09-08T21:28:25.923</UpdateDate><UpdateLogin>2</UpdateLogin></UpdateInformation><Guid>96755301-7d31-4b81-8cba-2a86da7f6ccc</Guid><IsShown>true</IsShown><Menu>DataImport</Menu><OverrideLabel i:nil="true" /></ModuleMenuItemBase><ModuleMenuItemBase i:type="DisplayAllMenuItem"><UpdateInformation><CreateDate>2021-09-08T21:28:25.923</CreateDate><CreateLogin>2</CreateLogin><UpdateDate>2021-09-08T21:28:25.923</UpdateDate><UpdateLogin>2</UpdateLogin></UpdateInformation><Guid>fe80c225-56cf-492b-819e-ed4ec15d0c9b</Guid><IsShown>true</IsShown><Menu>DisplayAll</Menu><OverrideLabel i:nil="true" /><IsExpandable i:nil="true" /><IsExpanded i:nil="true" /><IsRestrictedToTopLevel i:nil="true" /><ReportId i:nil="true" /></ModuleMenuItemBase><ModuleMenuItemBase i:type="ReportMenuItem"><UpdateInformation><CreateDate>2021-09-08T21:28:25.923</CreateDate><CreateLogin>2</CreateLogin><UpdateDate>2021-09-08T21:28:25.923</UpdateDate><UpdateLogin>2</UpdateLogin></UpdateInformation><Guid>5e963299-82f8-4e7c-9398-8a4f5e5d1fef</Guid><IsShown>true</IsShown><Menu>Reports</Menu><OverrideLabel i:nil="true" /><IsExpanded i:nil="true" /></ModuleMenuItemBase><ModuleMenuItemBase i:type="ScheduleMenuItem"><UpdateInformation><CreateDate>2021-09-08T21:28:25.923</CreateDate><CreateLogin>2</CreateLogin><UpdateDate>2021-09-08T21:28:25.923</UpdateDate><UpdateLogin>2</UpdateLogin></UpdateInformation><Guid>f93838c6-1db3-4463-87dd-8ab9f4e89ff7</Guid><IsShown>true</IsShown><Menu>Schedule</Menu><OverrideLabel i:nil="true" /></ModuleMenuItemBase></MenuItems></ModuleMenu></Menu></PackageNavMenu>