﻿<?xml version="1.0" encoding="utf-8"?><PackageSolutionContainers><SolutionContainers><SolutionContainerElement SolutionGuid="0b4cb490-bd8c-4250-8ffa-a0a1a66c7c66"><SolutionContainer xmlns:i="http://www.w3.org/2001/XMLSchema-instance" xmlns="http://schemas.datacontract.org/2004/07/ArcherTech.Packaging.Domain"><Solution xmlns:d2p1="http://schemas.datacontract.org/2004/07/ArcherTech.Common.Domain"><d2p1:UpdateInformation><d2p1:CreateDate>2017-08-07T11:24:38.63</d2p1:CreateDate><d2p1:CreateLogin>2</d2p1:CreateLogin><d2p1:UpdateDate>2017-08-30T03:11:32.837</d2p1:UpdateDate><d2p1:UpdateLogin>2</d2p1:UpdateLogin></d2p1:UpdateInformation><d2p1:ASOName>Admin Dashboard</d2p1:ASOName><d2p1:ASOStatus>Locked</d2p1:ASOStatus><d2p1:Alias>Admin_Dashboard</d2p1:Alias><d2p1:Description></d2p1:Description><d2p1:Guid>0b4cb490-bd8c-4250-8ffa-a0a1a66c7c66</d2p1:Guid><d2p1:Id>66</d2p1:Id><d2p1:IsActive>true</d2p1:IsActive><d2p1:IsDeprecated>false</d2p1:IsDeprecated><d2p1:IsSystem>true</d2p1:IsSystem><d2p1:KeepLicensed>false</d2p1:KeepLicensed><d2p1:LanguageId>1</d2p1:LanguageId><d2p1:Name>Admin Dashboard</d2p1:Name></Solution><SolutionModule xmlns:d2p1="http://schemas.datacontract.org/2004/07/ArcherTech.Common.Domain"><d2p1:SolutionModule><d2p1:UpdateInformation><d2p1:CreateDate>2017-08-07T11:24:38.63</d2p1:CreateDate><d2p1:CreateLogin>2</d2p1:CreateLogin><d2p1:UpdateDate>2017-08-30T03:11:32.837</d2p1:UpdateDate><d2p1:UpdateLogin>2</d2p1:UpdateLogin></d2p1:UpdateInformation><d2p1:ASOStatus>Normal</d2p1:ASOStatus><d2p1:Guid>23ab15f3-1bdc-47cf-bc5b-463d4cdc6f90</d2p1:Guid><d2p1:Id>1743</d2p1:Id><d2p1:IsMenuEnabled>true</d2p1:IsMenuEnabled><d2p1:IsQuickSearchEnabled>false</d2p1:IsQuickSearchEnabled><d2p1:ModuleId>492</d2p1:ModuleId><d2p1:SolutionId>66</d2p1:SolutionId><d2p1:SortOrder>1</d2p1:SortOrder></d2p1:SolutionModule><d2p1:SolutionModule><d2p1:UpdateInformation><d2p1:CreateDate>2021-09-08T21:28:25.923</d2p1:CreateDate><d2p1:CreateLogin>2</d2p1:CreateLogin><d2p1:UpdateDate>2021-09-08T21:28:25.923</d2p1:UpdateDate><d2p1:UpdateLogin>2</d2p1:UpdateLogin></d2p1:UpdateInformation><d2p1:ASOStatus>Normal</d2p1:ASOStatus><d2p1:Guid>517f15df-e56e-43ef-b8ac-e4dc2d94f98f</d2p1:Guid><d2p1:Id>1793</d2p1:Id><d2p1:IsMenuEnabled>true</d2p1:IsMenuEnabled><d2p1:IsQuickSearchEnabled>true</d2p1:IsQuickSearchEnabled><d2p1:ModuleId>516</d2p1:ModuleId><d2p1:SolutionId>66</d2p1:SolutionId><d2p1:SortOrder>2</d2p1:SortOrder></d2p1:SolutionModule></SolutionModule></SolutionContainer></SolutionContainerElement></SolutionContainers></PackageSolutionContainers>