﻿<?xml version="1.0" encoding="utf-8"?><Translations><PlatformLanguages><PlatformLanguage xmlns:i="http://www.w3.org/2001/XMLSchema-instance" xmlns="http://schemas.datacontract.org/2004/07/ArcherTech.Common.Domain"><UpdateInformation><CreateDate>2013-02-11T00:00:00</CreateDate><CreateLogin>184</CreateLogin><UpdateDate>2013-02-11T00:00:00</UpdateDate><UpdateLogin>184</UpdateLogin></UpdateInformation><Guid>87556750-b54e-4ad0-a4fe-0d64b1e8dc5c</Guid><Id>1</Id><IsDefault>true</IsDefault><IsSystem>true</IsSystem><LanguageName>English</LanguageName><LanguagePath>en-US</LanguagePath></PlatformLanguage></PlatformLanguages><Languages><Language xmlns:i="http://www.w3.org/2001/XMLSchema-instance" xmlns="http://schemas.datacontract.org/2004/07/ArcherTech.Common.Domain"><UpdateInformation><CreateDate>2013-02-11T00:00:00</CreateDate><CreateLogin>184</CreateLogin><UpdateDate>2013-02-11T00:00:00</UpdateDate><UpdateLogin>184</UpdateLogin></UpdateInformation><Description>English</Description><Guid>9088ef11-366b-47bd-8462-a7a5cb0f753b</Guid><Id>1</Id><IsActive>true</IsActive><IsDefault>true</IsDefault><IsSystem>true</IsSystem><Locales xmlns:d2p1="http://schemas.microsoft.com/2003/10/Serialization/Arrays"><d2p1:string>en-AU</d2p1:string><d2p1:string>en-BZ</d2p1:string><d2p1:string>en-CA</d2p1:string><d2p1:string>en-GB</d2p1:string><d2p1:string>en-IE</d2p1:string><d2p1:string>en-JM</d2p1:string><d2p1:string>en-NZ</d2p1:string><d2p1:string>en-PH</d2p1:string><d2p1:string>en-TT</d2p1:string><d2p1:string>en-US</d2p1:string><d2p1:string>en-ZA</d2p1:string><d2p1:string>en-ZW</d2p1:string></Locales><Name>English</Name><PlatformLanguageId>1</PlatformLanguageId></Language></Languages><TranslationItems><TranslationItem xmlns:i="http://www.w3.org/2001/XMLSchema-instance" xmlns="http://schemas.datacontract.org/2004/07/ArcherTech.Common.Domain.Globalization"><Guid>0b4cb490-bd8c-4250-8ffa-a0a1a66c7c66</Guid><Id>66</Id><IsDesign>true</IsDesign><IsSystem>true</IsSystem><LanguageId>1</LanguageId><TranslationType>Solution</TranslationType><TranslationValues xmlns:d2p1="http://schemas.microsoft.com/2003/10/Serialization/Arrays"><d2p1:KeyValueOfTranslationPropertystringBTqlfKsv><d2p1:Key>Name</d2p1:Key><d2p1:Value>Admin Dashboard</d2p1:Value></d2p1:KeyValueOfTranslationPropertystringBTqlfKsv><d2p1:KeyValueOfTranslationPropertystringBTqlfKsv><d2p1:Key>Description</d2p1:Key><d2p1:Value></d2p1:Value></d2p1:KeyValueOfTranslationPropertystringBTqlfKsv></TranslationValues></TranslationItem><TranslationItem xmlns:i="http://www.w3.org/2001/XMLSchema-instance" xmlns="http://schemas.datacontract.org/2004/07/ArcherTech.Common.Domain.Globalization"><Guid>10008129-34f0-4038-a22b-ff7b5d19ae7f</Guid><Id>516</Id><IsDesign>true</IsDesign><IsSystem>false</IsSystem><LanguageId>1</LanguageId><TranslationType>Application</TranslationType><TranslationValues xmlns:d2p1="http://schemas.microsoft.com/2003/10/Serialization/Arrays"><d2p1:KeyValueOfTranslationPropertystringBTqlfKsv><d2p1:Key>Name</d2p1:Key><d2p1:Value>User Access Request</d2p1:Value></d2p1:KeyValueOfTranslationPropertystringBTqlfKsv><d2p1:KeyValueOfTranslationPropertystringBTqlfKsv><d2p1:Key>Description</d2p1:Key><d2p1:Value>&lt;html&gt;&lt;head&gt;&lt;/head&gt;&lt;p style="margin: 0px"&gt;​&lt;/p&gt;&lt;/html&gt;</d2p1:Value></d2p1:KeyValueOfTranslationPropertystringBTqlfKsv></TranslationValues></TranslationItem><TranslationItem xmlns:i="http://www.w3.org/2001/XMLSchema-instance" xmlns="http://schemas.datacontract.org/2004/07/ArcherTech.Common.Domain.Globalization"><Guid>ad4df39d-b826-40ed-be7d-b6573375e151</Guid><Id>316</Id><IsDesign>true</IsDesign><IsSystem>false</IsSystem><LanguageId>1</LanguageId><TranslationType>Level</TranslationType><TranslationValues xmlns:d2p1="http://schemas.microsoft.com/2003/10/Serialization/Arrays"><d2p1:KeyValueOfTranslationPropertystringBTqlfKsv><d2p1:Key>Name</d2p1:Key><d2p1:Value>User Access Request</d2p1:Value></d2p1:KeyValueOfTranslationPropertystringBTqlfKsv><d2p1:KeyValueOfTranslationPropertystringBTqlfKsv><d2p1:Key>Description</d2p1:Key><d2p1:Value i:nil="true" /></d2p1:KeyValueOfTranslationPropertystringBTqlfKsv></TranslationValues></TranslationItem><TranslationItem xmlns:i="http://www.w3.org/2001/XMLSchema-instance" xmlns="http://schemas.datacontract.org/2004/07/ArcherTech.Common.Domain.Globalization"><Guid>624daa37-2af3-40cf-b85f-1eb563840d24</Guid><Id>3430</Id><IsDesign>true</IsDesign><IsSystem>false</IsSystem><LanguageId>1</LanguageId><TranslationType>LevelLayoutTab</TranslationType><TranslationValues xmlns:d2p1="http://schemas.microsoft.com/2003/10/Serialization/Arrays"><d2p1:KeyValueOfTranslationPropertystringBTqlfKsv><d2p1:Key>Name</d2p1:Key><d2p1:Value>Available</d2p1:Value></d2p1:KeyValueOfTranslationPropertystringBTqlfKsv></TranslationValues></TranslationItem><TranslationItem xmlns:i="http://www.w3.org/2001/XMLSchema-instance" xmlns="http://schemas.datacontract.org/2004/07/ArcherTech.Common.Domain.Globalization"><Guid>cc94f3d1-deb7-4a67-a096-8aef657b0e05</Guid><Id>3431</Id><IsDesign>true</IsDesign><IsSystem>false</IsSystem><LanguageId>1</LanguageId><TranslationType>LevelLayoutTab</TranslationType><TranslationValues xmlns:d2p1="http://schemas.microsoft.com/2003/10/Serialization/Arrays"><d2p1:KeyValueOfTranslationPropertystringBTqlfKsv><d2p1:Key>Name</d2p1:Key><d2p1:Value>General</d2p1:Value></d2p1:KeyValueOfTranslationPropertystringBTqlfKsv></TranslationValues></TranslationItem><TranslationItem xmlns:i="http://www.w3.org/2001/XMLSchema-instance" xmlns="http://schemas.datacontract.org/2004/07/ArcherTech.Common.Domain.Globalization"><Guid>6111ca68-66d0-41d3-9df8-4cf6792659f2</Guid><Id>3432</Id><IsDesign>true</IsDesign><IsSystem>false</IsSystem><LanguageId>1</LanguageId><TranslationType>LevelLayoutTab</TranslationType><TranslationValues xmlns:d2p1="http://schemas.microsoft.com/2003/10/Serialization/Arrays"><d2p1:KeyValueOfTranslationPropertystringBTqlfKsv><d2p1:Key>Name</d2p1:Key><d2p1:Value>History Log</d2p1:Value></d2p1:KeyValueOfTranslationPropertystringBTqlfKsv></TranslationValues></TranslationItem><TranslationItem xmlns:i="http://www.w3.org/2001/XMLSchema-instance" xmlns="http://schemas.datacontract.org/2004/07/ArcherTech.Common.Domain.Globalization"><Guid>a18bbd94-3bcd-42b7-8102-44a142d7aace</Guid><Id>3433</Id><IsDesign>true</IsDesign><IsSystem>false</IsSystem><LanguageId>1</LanguageId><TranslationType>LevelLayoutTab</TranslationType><TranslationValues xmlns:d2p1="http://schemas.microsoft.com/2003/10/Serialization/Arrays"><d2p1:KeyValueOfTranslationPropertystringBTqlfKsv><d2p1:Key>Name</d2p1:Key><d2p1:Value>Administration</d2p1:Value></d2p1:KeyValueOfTranslationPropertystringBTqlfKsv></TranslationValues></TranslationItem><TranslationItem xmlns:i="http://www.w3.org/2001/XMLSchema-instance" xmlns="http://schemas.datacontract.org/2004/07/ArcherTech.Common.Domain.Globalization"><Guid>ec66142e-7a9a-4a31-abcf-3b5cb347a720</Guid><Id>7495</Id><IsDesign>true</IsDesign><IsSystem>false</IsSystem><LanguageId>1</LanguageId><TranslationType>LevelLayoutSection</TranslationType><TranslationValues xmlns:d2p1="http://schemas.microsoft.com/2003/10/Serialization/Arrays"><d2p1:KeyValueOfTranslationPropertystringBTqlfKsv><d2p1:Key>Name</d2p1:Key><d2p1:Value>Administration</d2p1:Value></d2p1:KeyValueOfTranslationPropertystringBTqlfKsv><d2p1:KeyValueOfTranslationPropertystringBTqlfKsv><d2p1:Key>PanelText</d2p1:Key><d2p1:Value i:nil="true" /></d2p1:KeyValueOfTranslationPropertystringBTqlfKsv><d2p1:KeyValueOfTranslationPropertystringBTqlfKsv><d2p1:Key>HelpText</d2p1:Key><d2p1:Value i:nil="true" /></d2p1:KeyValueOfTranslationPropertystringBTqlfKsv></TranslationValues></TranslationItem><TranslationItem xmlns:i="http://www.w3.org/2001/XMLSchema-instance" xmlns="http://schemas.datacontract.org/2004/07/ArcherTech.Common.Domain.Globalization"><Guid>0d5ff420-cda5-4c6d-a5f6-6048b686bcfe</Guid><Id>7489</Id><IsDesign>true</IsDesign><IsSystem>false</IsSystem><LanguageId>1</LanguageId><TranslationType>LevelLayoutSection</TranslationType><TranslationValues xmlns:d2p1="http://schemas.microsoft.com/2003/10/Serialization/Arrays"><d2p1:KeyValueOfTranslationPropertystringBTqlfKsv><d2p1:Key>Name</d2p1:Key><d2p1:Value>Default</d2p1:Value></d2p1:KeyValueOfTranslationPropertystringBTqlfKsv><d2p1:KeyValueOfTranslationPropertystringBTqlfKsv><d2p1:Key>PanelText</d2p1:Key><d2p1:Value i:nil="true" /></d2p1:KeyValueOfTranslationPropertystringBTqlfKsv><d2p1:KeyValueOfTranslationPropertystringBTqlfKsv><d2p1:Key>HelpText</d2p1:Key><d2p1:Value i:nil="true" /></d2p1:KeyValueOfTranslationPropertystringBTqlfKsv></TranslationValues></TranslationItem><TranslationItem xmlns:i="http://www.w3.org/2001/XMLSchema-instance" xmlns="http://schemas.datacontract.org/2004/07/ArcherTech.Common.Domain.Globalization"><Guid>a13836ad-eadc-4afe-98df-cec9c9a5a8fc</Guid><Id>7490</Id><IsDesign>true</IsDesign><IsSystem>false</IsSystem><LanguageId>1</LanguageId><TranslationType>LevelLayoutSection</TranslationType><TranslationValues xmlns:d2p1="http://schemas.microsoft.com/2003/10/Serialization/Arrays"><d2p1:KeyValueOfTranslationPropertystringBTqlfKsv><d2p1:Key>Name</d2p1:Key><d2p1:Value>General Information</d2p1:Value></d2p1:KeyValueOfTranslationPropertystringBTqlfKsv><d2p1:KeyValueOfTranslationPropertystringBTqlfKsv><d2p1:Key>PanelText</d2p1:Key><d2p1:Value i:nil="true" /></d2p1:KeyValueOfTranslationPropertystringBTqlfKsv><d2p1:KeyValueOfTranslationPropertystringBTqlfKsv><d2p1:Key>HelpText</d2p1:Key><d2p1:Value i:nil="true" /></d2p1:KeyValueOfTranslationPropertystringBTqlfKsv></TranslationValues></TranslationItem><TranslationItem xmlns:i="http://www.w3.org/2001/XMLSchema-instance" xmlns="http://schemas.datacontract.org/2004/07/ArcherTech.Common.Domain.Globalization"><Guid>721dc72a-74aa-4935-b0e0-50fc8694843b</Guid><Id>7491</Id><IsDesign>true</IsDesign><IsSystem>false</IsSystem><LanguageId>1</LanguageId><TranslationType>LevelLayoutSection</TranslationType><TranslationValues xmlns:d2p1="http://schemas.microsoft.com/2003/10/Serialization/Arrays"><d2p1:KeyValueOfTranslationPropertystringBTqlfKsv><d2p1:Key>Name</d2p1:Key><d2p1:Value>Request Details</d2p1:Value></d2p1:KeyValueOfTranslationPropertystringBTqlfKsv><d2p1:KeyValueOfTranslationPropertystringBTqlfKsv><d2p1:Key>PanelText</d2p1:Key><d2p1:Value i:nil="true" /></d2p1:KeyValueOfTranslationPropertystringBTqlfKsv><d2p1:KeyValueOfTranslationPropertystringBTqlfKsv><d2p1:Key>HelpText</d2p1:Key><d2p1:Value i:nil="true" /></d2p1:KeyValueOfTranslationPropertystringBTqlfKsv></TranslationValues></TranslationItem><TranslationItem xmlns:i="http://www.w3.org/2001/XMLSchema-instance" xmlns="http://schemas.datacontract.org/2004/07/ArcherTech.Common.Domain.Globalization"><Guid>1e89d4e5-2070-442a-8c59-2c81b45a3dd9</Guid><Id>7492</Id><IsDesign>true</IsDesign><IsSystem>false</IsSystem><LanguageId>1</LanguageId><TranslationType>LevelLayoutSection</TranslationType><TranslationValues xmlns:d2p1="http://schemas.microsoft.com/2003/10/Serialization/Arrays"><d2p1:KeyValueOfTranslationPropertystringBTqlfKsv><d2p1:Key>Name</d2p1:Key><d2p1:Value>Manager Review Details</d2p1:Value></d2p1:KeyValueOfTranslationPropertystringBTqlfKsv><d2p1:KeyValueOfTranslationPropertystringBTqlfKsv><d2p1:Key>PanelText</d2p1:Key><d2p1:Value i:nil="true" /></d2p1:KeyValueOfTranslationPropertystringBTqlfKsv><d2p1:KeyValueOfTranslationPropertystringBTqlfKsv><d2p1:Key>HelpText</d2p1:Key><d2p1:Value i:nil="true" /></d2p1:KeyValueOfTranslationPropertystringBTqlfKsv></TranslationValues></TranslationItem><TranslationItem xmlns:i="http://www.w3.org/2001/XMLSchema-instance" xmlns="http://schemas.datacontract.org/2004/07/ArcherTech.Common.Domain.Globalization"><Guid>33248619-2a24-47cb-b6e1-1b0855ed85b4</Guid><Id>7493</Id><IsDesign>true</IsDesign><IsSystem>false</IsSystem><LanguageId>1</LanguageId><TranslationType>LevelLayoutSection</TranslationType><TranslationValues xmlns:d2p1="http://schemas.microsoft.com/2003/10/Serialization/Arrays"><d2p1:KeyValueOfTranslationPropertystringBTqlfKsv><d2p1:Key>Name</d2p1:Key><d2p1:Value>Administrative</d2p1:Value></d2p1:KeyValueOfTranslationPropertystringBTqlfKsv><d2p1:KeyValueOfTranslationPropertystringBTqlfKsv><d2p1:Key>PanelText</d2p1:Key><d2p1:Value i:nil="true" /></d2p1:KeyValueOfTranslationPropertystringBTqlfKsv><d2p1:KeyValueOfTranslationPropertystringBTqlfKsv><d2p1:Key>HelpText</d2p1:Key><d2p1:Value i:nil="true" /></d2p1:KeyValueOfTranslationPropertystringBTqlfKsv></TranslationValues></TranslationItem><TranslationItem xmlns:i="http://www.w3.org/2001/XMLSchema-instance" xmlns="http://schemas.datacontract.org/2004/07/ArcherTech.Common.Domain.Globalization"><Guid>c11aacb5-1145-4d35-9786-d01868d8c901</Guid><Id>7494</Id><IsDesign>true</IsDesign><IsSystem>false</IsSystem><LanguageId>1</LanguageId><TranslationType>LevelLayoutSection</TranslationType><TranslationValues xmlns:d2p1="http://schemas.microsoft.com/2003/10/Serialization/Arrays"><d2p1:KeyValueOfTranslationPropertystringBTqlfKsv><d2p1:Key>Name</d2p1:Key><d2p1:Value>History Log</d2p1:Value></d2p1:KeyValueOfTranslationPropertystringBTqlfKsv><d2p1:KeyValueOfTranslationPropertystringBTqlfKsv><d2p1:Key>PanelText</d2p1:Key><d2p1:Value i:nil="true" /></d2p1:KeyValueOfTranslationPropertystringBTqlfKsv><d2p1:KeyValueOfTranslationPropertystringBTqlfKsv><d2p1:Key>HelpText</d2p1:Key><d2p1:Value i:nil="true" /></d2p1:KeyValueOfTranslationPropertystringBTqlfKsv></TranslationValues></TranslationItem><TranslationItem xmlns:i="http://www.w3.org/2001/XMLSchema-instance" xmlns="http://schemas.datacontract.org/2004/07/ArcherTech.Common.Domain.Globalization"><Guid>c518fc9d-e20c-4a4d-9496-c6adf931754e</Guid><Id>20912</Id><IsDesign>true</IsDesign><IsSystem>false</IsSystem><LanguageId>1</LanguageId><TranslationType>FieldDefinition</TranslationType><TranslationValues xmlns:d2p1="http://schemas.microsoft.com/2003/10/Serialization/Arrays"><d2p1:KeyValueOfTranslationPropertystringBTqlfKsv><d2p1:Key>Name</d2p1:Key><d2p1:Value>Tracking ID</d2p1:Value></d2p1:KeyValueOfTranslationPropertystringBTqlfKsv><d2p1:KeyValueOfTranslationPropertystringBTqlfKsv><d2p1:Key>HelpText</d2p1:Key><d2p1:Value i:nil="true" /></d2p1:KeyValueOfTranslationPropertystringBTqlfKsv><d2p1:KeyValueOfTranslationPropertystringBTqlfKsv><d2p1:Key>Description</d2p1:Key><d2p1:Value i:nil="true" /></d2p1:KeyValueOfTranslationPropertystringBTqlfKsv><d2p1:KeyValueOfTranslationPropertystringBTqlfKsv><d2p1:Key>DefaultText</d2p1:Key><d2p1:Value i:nil="true" /></d2p1:KeyValueOfTranslationPropertystringBTqlfKsv><d2p1:KeyValueOfTranslationPropertystringBTqlfKsv><d2p1:Key>AdvancedDisplayText</d2p1:Key><d2p1:Value i:nil="true" /></d2p1:KeyValueOfTranslationPropertystringBTqlfKsv><d2p1:KeyValueOfTranslationPropertystringBTqlfKsv><d2p1:Key>Prefix</d2p1:Key><d2p1:Value i:nil="true" /></d2p1:KeyValueOfTranslationPropertystringBTqlfKsv><d2p1:KeyValueOfTranslationPropertystringBTqlfKsv><d2p1:Key>Suffix</d2p1:Key><d2p1:Value i:nil="true" /></d2p1:KeyValueOfTranslationPropertystringBTqlfKsv></TranslationValues></TranslationItem><TranslationItem xmlns:i="http://www.w3.org/2001/XMLSchema-instance" xmlns="http://schemas.datacontract.org/2004/07/ArcherTech.Common.Domain.Globalization"><Guid>526dd36d-9bc4-4b7b-a197-f1a5c08bfabc</Guid><Id>20913</Id><IsDesign>true</IsDesign><IsSystem>false</IsSystem><LanguageId>1</LanguageId><TranslationType>FieldDefinition</TranslationType><TranslationValues xmlns:d2p1="http://schemas.microsoft.com/2003/10/Serialization/Arrays"><d2p1:KeyValueOfTranslationPropertystringBTqlfKsv><d2p1:Key>Name</d2p1:Key><d2p1:Value>First Published</d2p1:Value></d2p1:KeyValueOfTranslationPropertystringBTqlfKsv><d2p1:KeyValueOfTranslationPropertystringBTqlfKsv><d2p1:Key>HelpText</d2p1:Key><d2p1:Value i:nil="true" /></d2p1:KeyValueOfTranslationPropertystringBTqlfKsv><d2p1:KeyValueOfTranslationPropertystringBTqlfKsv><d2p1:Key>Description</d2p1:Key><d2p1:Value i:nil="true" /></d2p1:KeyValueOfTranslationPropertystringBTqlfKsv><d2p1:KeyValueOfTranslationPropertystringBTqlfKsv><d2p1:Key>DefaultText</d2p1:Key><d2p1:Value i:nil="true" /></d2p1:KeyValueOfTranslationPropertystringBTqlfKsv><d2p1:KeyValueOfTranslationPropertystringBTqlfKsv><d2p1:Key>AdvancedDisplayText</d2p1:Key><d2p1:Value i:nil="true" /></d2p1:KeyValueOfTranslationPropertystringBTqlfKsv><d2p1:KeyValueOfTranslationPropertystringBTqlfKsv><d2p1:Key>Prefix</d2p1:Key><d2p1:Value i:nil="true" /></d2p1:KeyValueOfTranslationPropertystringBTqlfKsv><d2p1:KeyValueOfTranslationPropertystringBTqlfKsv><d2p1:Key>Suffix</d2p1:Key><d2p1:Value i:nil="true" /></d2p1:KeyValueOfTranslationPropertystringBTqlfKsv></TranslationValues></TranslationItem><TranslationItem xmlns:i="http://www.w3.org/2001/XMLSchema-instance" xmlns="http://schemas.datacontract.org/2004/07/ArcherTech.Common.Domain.Globalization"><Guid>b2b4a975-35fc-497c-80bf-67be9dc07df6</Guid><Id>20914</Id><IsDesign>true</IsDesign><IsSystem>false</IsSystem><LanguageId>1</LanguageId><TranslationType>FieldDefinition</TranslationType><TranslationValues xmlns:d2p1="http://schemas.microsoft.com/2003/10/Serialization/Arrays"><d2p1:KeyValueOfTranslationPropertystringBTqlfKsv><d2p1:Key>Name</d2p1:Key><d2p1:Value>Last Updated</d2p1:Value></d2p1:KeyValueOfTranslationPropertystringBTqlfKsv><d2p1:KeyValueOfTranslationPropertystringBTqlfKsv><d2p1:Key>HelpText</d2p1:Key><d2p1:Value i:nil="true" /></d2p1:KeyValueOfTranslationPropertystringBTqlfKsv><d2p1:KeyValueOfTranslationPropertystringBTqlfKsv><d2p1:Key>Description</d2p1:Key><d2p1:Value i:nil="true" /></d2p1:KeyValueOfTranslationPropertystringBTqlfKsv><d2p1:KeyValueOfTranslationPropertystringBTqlfKsv><d2p1:Key>DefaultText</d2p1:Key><d2p1:Value i:nil="true" /></d2p1:KeyValueOfTranslationPropertystringBTqlfKsv><d2p1:KeyValueOfTranslationPropertystringBTqlfKsv><d2p1:Key>AdvancedDisplayText</d2p1:Key><d2p1:Value i:nil="true" /></d2p1:KeyValueOfTranslationPropertystringBTqlfKsv><d2p1:KeyValueOfTranslationPropertystringBTqlfKsv><d2p1:Key>Prefix</d2p1:Key><d2p1:Value i:nil="true" /></d2p1:KeyValueOfTranslationPropertystringBTqlfKsv><d2p1:KeyValueOfTranslationPropertystringBTqlfKsv><d2p1:Key>Suffix</d2p1:Key><d2p1:Value i:nil="true" /></d2p1:KeyValueOfTranslationPropertystringBTqlfKsv></TranslationValues></TranslationItem><TranslationItem xmlns:i="http://www.w3.org/2001/XMLSchema-instance" xmlns="http://schemas.datacontract.org/2004/07/ArcherTech.Common.Domain.Globalization"><Guid>9b174acc-da21-4b0c-a756-a0790f06b3f9</Guid><Id>20915</Id><IsDesign>true</IsDesign><IsSystem>false</IsSystem><LanguageId>1</LanguageId><TranslationType>FieldDefinition</TranslationType><TranslationValues xmlns:d2p1="http://schemas.microsoft.com/2003/10/Serialization/Arrays"><d2p1:KeyValueOfTranslationPropertystringBTqlfKsv><d2p1:Key>Name</d2p1:Key><d2p1:Value>Request ID</d2p1:Value></d2p1:KeyValueOfTranslationPropertystringBTqlfKsv><d2p1:KeyValueOfTranslationPropertystringBTqlfKsv><d2p1:Key>HelpText</d2p1:Key><d2p1:Value i:nil="true" /></d2p1:KeyValueOfTranslationPropertystringBTqlfKsv><d2p1:KeyValueOfTranslationPropertystringBTqlfKsv><d2p1:Key>Description</d2p1:Key><d2p1:Value i:nil="true" /></d2p1:KeyValueOfTranslationPropertystringBTqlfKsv><d2p1:KeyValueOfTranslationPropertystringBTqlfKsv><d2p1:Key>DefaultText</d2p1:Key><d2p1:Value></d2p1:Value></d2p1:KeyValueOfTranslationPropertystringBTqlfKsv><d2p1:KeyValueOfTranslationPropertystringBTqlfKsv><d2p1:Key>AdvancedDisplayText</d2p1:Key><d2p1:Value i:nil="true" /></d2p1:KeyValueOfTranslationPropertystringBTqlfKsv><d2p1:KeyValueOfTranslationPropertystringBTqlfKsv><d2p1:Key>Prefix</d2p1:Key><d2p1:Value i:nil="true" /></d2p1:KeyValueOfTranslationPropertystringBTqlfKsv><d2p1:KeyValueOfTranslationPropertystringBTqlfKsv><d2p1:Key>Suffix</d2p1:Key><d2p1:Value i:nil="true" /></d2p1:KeyValueOfTranslationPropertystringBTqlfKsv></TranslationValues></TranslationItem><TranslationItem xmlns:i="http://www.w3.org/2001/XMLSchema-instance" xmlns="http://schemas.datacontract.org/2004/07/ArcherTech.Common.Domain.Globalization"><Guid>b41830f4-5452-477f-8709-f3be27f6f92f</Guid><Id>20916</Id><IsDesign>true</IsDesign><IsSystem>false</IsSystem><LanguageId>1</LanguageId><TranslationType>FieldDefinition</TranslationType><TranslationValues xmlns:d2p1="http://schemas.microsoft.com/2003/10/Serialization/Arrays"><d2p1:KeyValueOfTranslationPropertystringBTqlfKsv><d2p1:Key>Name</d2p1:Key><d2p1:Value>Request Status</d2p1:Value></d2p1:KeyValueOfTranslationPropertystringBTqlfKsv><d2p1:KeyValueOfTranslationPropertystringBTqlfKsv><d2p1:Key>HelpText</d2p1:Key><d2p1:Value i:nil="true" /></d2p1:KeyValueOfTranslationPropertystringBTqlfKsv><d2p1:KeyValueOfTranslationPropertystringBTqlfKsv><d2p1:Key>Description</d2p1:Key><d2p1:Value i:nil="true" /></d2p1:KeyValueOfTranslationPropertystringBTqlfKsv><d2p1:KeyValueOfTranslationPropertystringBTqlfKsv><d2p1:Key>DefaultText</d2p1:Key><d2p1:Value i:nil="true" /></d2p1:KeyValueOfTranslationPropertystringBTqlfKsv><d2p1:KeyValueOfTranslationPropertystringBTqlfKsv><d2p1:Key>AdvancedDisplayText</d2p1:Key><d2p1:Value i:nil="true" /></d2p1:KeyValueOfTranslationPropertystringBTqlfKsv><d2p1:KeyValueOfTranslationPropertystringBTqlfKsv><d2p1:Key>Prefix</d2p1:Key><d2p1:Value i:nil="true" /></d2p1:KeyValueOfTranslationPropertystringBTqlfKsv><d2p1:KeyValueOfTranslationPropertystringBTqlfKsv><d2p1:Key>Suffix</d2p1:Key><d2p1:Value i:nil="true" /></d2p1:KeyValueOfTranslationPropertystringBTqlfKsv></TranslationValues></TranslationItem><TranslationItem xmlns:i="http://www.w3.org/2001/XMLSchema-instance" xmlns="http://schemas.datacontract.org/2004/07/ArcherTech.Common.Domain.Globalization"><Guid>a735be57-452f-492e-9a4f-229730a310a9</Guid><Id>20917</Id><IsDesign>true</IsDesign><IsSystem>false</IsSystem><LanguageId>1</LanguageId><TranslationType>FieldDefinition</TranslationType><TranslationValues xmlns:d2p1="http://schemas.microsoft.com/2003/10/Serialization/Arrays"><d2p1:KeyValueOfTranslationPropertystringBTqlfKsv><d2p1:Key>Name</d2p1:Key><d2p1:Value>Request Submission Date</d2p1:Value></d2p1:KeyValueOfTranslationPropertystringBTqlfKsv><d2p1:KeyValueOfTranslationPropertystringBTqlfKsv><d2p1:Key>HelpText</d2p1:Key><d2p1:Value i:nil="true" /></d2p1:KeyValueOfTranslationPropertystringBTqlfKsv><d2p1:KeyValueOfTranslationPropertystringBTqlfKsv><d2p1:Key>Description</d2p1:Key><d2p1:Value i:nil="true" /></d2p1:KeyValueOfTranslationPropertystringBTqlfKsv><d2p1:KeyValueOfTranslationPropertystringBTqlfKsv><d2p1:Key>DefaultText</d2p1:Key><d2p1:Value i:nil="true" /></d2p1:KeyValueOfTranslationPropertystringBTqlfKsv><d2p1:KeyValueOfTranslationPropertystringBTqlfKsv><d2p1:Key>AdvancedDisplayText</d2p1:Key><d2p1:Value i:nil="true" /></d2p1:KeyValueOfTranslationPropertystringBTqlfKsv><d2p1:KeyValueOfTranslationPropertystringBTqlfKsv><d2p1:Key>Prefix</d2p1:Key><d2p1:Value i:nil="true" /></d2p1:KeyValueOfTranslationPropertystringBTqlfKsv><d2p1:KeyValueOfTranslationPropertystringBTqlfKsv><d2p1:Key>Suffix</d2p1:Key><d2p1:Value i:nil="true" /></d2p1:KeyValueOfTranslationPropertystringBTqlfKsv></TranslationValues></TranslationItem><TranslationItem xmlns:i="http://www.w3.org/2001/XMLSchema-instance" xmlns="http://schemas.datacontract.org/2004/07/ArcherTech.Common.Domain.Globalization"><Guid>2b17fd65-673f-412b-a954-082a2aa1e3ee</Guid><Id>20918</Id><IsDesign>true</IsDesign><IsSystem>false</IsSystem><LanguageId>1</LanguageId><TranslationType>FieldDefinition</TranslationType><TranslationValues xmlns:d2p1="http://schemas.microsoft.com/2003/10/Serialization/Arrays"><d2p1:KeyValueOfTranslationPropertystringBTqlfKsv><d2p1:Key>Name</d2p1:Key><d2p1:Value>Request Approval Date</d2p1:Value></d2p1:KeyValueOfTranslationPropertystringBTqlfKsv><d2p1:KeyValueOfTranslationPropertystringBTqlfKsv><d2p1:Key>HelpText</d2p1:Key><d2p1:Value i:nil="true" /></d2p1:KeyValueOfTranslationPropertystringBTqlfKsv><d2p1:KeyValueOfTranslationPropertystringBTqlfKsv><d2p1:Key>Description</d2p1:Key><d2p1:Value i:nil="true" /></d2p1:KeyValueOfTranslationPropertystringBTqlfKsv><d2p1:KeyValueOfTranslationPropertystringBTqlfKsv><d2p1:Key>DefaultText</d2p1:Key><d2p1:Value i:nil="true" /></d2p1:KeyValueOfTranslationPropertystringBTqlfKsv><d2p1:KeyValueOfTranslationPropertystringBTqlfKsv><d2p1:Key>AdvancedDisplayText</d2p1:Key><d2p1:Value i:nil="true" /></d2p1:KeyValueOfTranslationPropertystringBTqlfKsv><d2p1:KeyValueOfTranslationPropertystringBTqlfKsv><d2p1:Key>Prefix</d2p1:Key><d2p1:Value i:nil="true" /></d2p1:KeyValueOfTranslationPropertystringBTqlfKsv><d2p1:KeyValueOfTranslationPropertystringBTqlfKsv><d2p1:Key>Suffix</d2p1:Key><d2p1:Value i:nil="true" /></d2p1:KeyValueOfTranslationPropertystringBTqlfKsv></TranslationValues></TranslationItem><TranslationItem xmlns:i="http://www.w3.org/2001/XMLSchema-instance" xmlns="http://schemas.datacontract.org/2004/07/ArcherTech.Common.Domain.Globalization"><Guid>eaa0c2c2-a265-4d9e-870f-9c232c5e5495</Guid><Id>20919</Id><IsDesign>true</IsDesign><IsSystem>false</IsSystem><LanguageId>1</LanguageId><TranslationType>FieldDefinition</TranslationType><TranslationValues xmlns:d2p1="http://schemas.microsoft.com/2003/10/Serialization/Arrays"><d2p1:KeyValueOfTranslationPropertystringBTqlfKsv><d2p1:Key>Name</d2p1:Key><d2p1:Value>Request Type</d2p1:Value></d2p1:KeyValueOfTranslationPropertystringBTqlfKsv><d2p1:KeyValueOfTranslationPropertystringBTqlfKsv><d2p1:Key>HelpText</d2p1:Key><d2p1:Value i:nil="true" /></d2p1:KeyValueOfTranslationPropertystringBTqlfKsv><d2p1:KeyValueOfTranslationPropertystringBTqlfKsv><d2p1:Key>Description</d2p1:Key><d2p1:Value i:nil="true" /></d2p1:KeyValueOfTranslationPropertystringBTqlfKsv><d2p1:KeyValueOfTranslationPropertystringBTqlfKsv><d2p1:Key>DefaultText</d2p1:Key><d2p1:Value i:nil="true" /></d2p1:KeyValueOfTranslationPropertystringBTqlfKsv><d2p1:KeyValueOfTranslationPropertystringBTqlfKsv><d2p1:Key>AdvancedDisplayText</d2p1:Key><d2p1:Value i:nil="true" /></d2p1:KeyValueOfTranslationPropertystringBTqlfKsv><d2p1:KeyValueOfTranslationPropertystringBTqlfKsv><d2p1:Key>Prefix</d2p1:Key><d2p1:Value i:nil="true" /></d2p1:KeyValueOfTranslationPropertystringBTqlfKsv><d2p1:KeyValueOfTranslationPropertystringBTqlfKsv><d2p1:Key>Suffix</d2p1:Key><d2p1:Value i:nil="true" /></d2p1:KeyValueOfTranslationPropertystringBTqlfKsv></TranslationValues></TranslationItem><TranslationItem xmlns:i="http://www.w3.org/2001/XMLSchema-instance" xmlns="http://schemas.datacontract.org/2004/07/ArcherTech.Common.Domain.Globalization"><Guid>5fddf681-8f26-45b0-9f26-0814827f318c</Guid><Id>20920</Id><IsDesign>true</IsDesign><IsSystem>false</IsSystem><LanguageId>1</LanguageId><TranslationType>FieldDefinition</TranslationType><TranslationValues xmlns:d2p1="http://schemas.microsoft.com/2003/10/Serialization/Arrays"><d2p1:KeyValueOfTranslationPropertystringBTqlfKsv><d2p1:Key>Name</d2p1:Key><d2p1:Value>Request Details</d2p1:Value></d2p1:KeyValueOfTranslationPropertystringBTqlfKsv><d2p1:KeyValueOfTranslationPropertystringBTqlfKsv><d2p1:Key>HelpText</d2p1:Key><d2p1:Value i:nil="true" /></d2p1:KeyValueOfTranslationPropertystringBTqlfKsv><d2p1:KeyValueOfTranslationPropertystringBTqlfKsv><d2p1:Key>Description</d2p1:Key><d2p1:Value i:nil="true" /></d2p1:KeyValueOfTranslationPropertystringBTqlfKsv><d2p1:KeyValueOfTranslationPropertystringBTqlfKsv><d2p1:Key>DefaultText</d2p1:Key><d2p1:Value></d2p1:Value></d2p1:KeyValueOfTranslationPropertystringBTqlfKsv><d2p1:KeyValueOfTranslationPropertystringBTqlfKsv><d2p1:Key>AdvancedDisplayText</d2p1:Key><d2p1:Value>&lt;html&gt;&lt;head&gt;&lt;/head&gt;&lt;p style="margin: 0px"&gt;Detail the reason behind the changes to access for the impacted user.&lt;/p&gt;&lt;/html&gt;</d2p1:Value></d2p1:KeyValueOfTranslationPropertystringBTqlfKsv><d2p1:KeyValueOfTranslationPropertystringBTqlfKsv><d2p1:Key>Prefix</d2p1:Key><d2p1:Value i:nil="true" /></d2p1:KeyValueOfTranslationPropertystringBTqlfKsv><d2p1:KeyValueOfTranslationPropertystringBTqlfKsv><d2p1:Key>Suffix</d2p1:Key><d2p1:Value i:nil="true" /></d2p1:KeyValueOfTranslationPropertystringBTqlfKsv></TranslationValues></TranslationItem><TranslationItem xmlns:i="http://www.w3.org/2001/XMLSchema-instance" xmlns="http://schemas.datacontract.org/2004/07/ArcherTech.Common.Domain.Globalization"><Guid>013834a2-097f-47e9-9cd6-81576c6e404f</Guid><Id>20921</Id><IsDesign>true</IsDesign><IsSystem>false</IsSystem><LanguageId>1</LanguageId><TranslationType>FieldDefinition</TranslationType><TranslationValues xmlns:d2p1="http://schemas.microsoft.com/2003/10/Serialization/Arrays"><d2p1:KeyValueOfTranslationPropertystringBTqlfKsv><d2p1:Key>Name</d2p1:Key><d2p1:Value>Implemented?</d2p1:Value></d2p1:KeyValueOfTranslationPropertystringBTqlfKsv><d2p1:KeyValueOfTranslationPropertystringBTqlfKsv><d2p1:Key>HelpText</d2p1:Key><d2p1:Value i:nil="true" /></d2p1:KeyValueOfTranslationPropertystringBTqlfKsv><d2p1:KeyValueOfTranslationPropertystringBTqlfKsv><d2p1:Key>Description</d2p1:Key><d2p1:Value></d2p1:Value></d2p1:KeyValueOfTranslationPropertystringBTqlfKsv><d2p1:KeyValueOfTranslationPropertystringBTqlfKsv><d2p1:Key>DefaultText</d2p1:Key><d2p1:Value i:nil="true" /></d2p1:KeyValueOfTranslationPropertystringBTqlfKsv><d2p1:KeyValueOfTranslationPropertystringBTqlfKsv><d2p1:Key>AdvancedDisplayText</d2p1:Key><d2p1:Value i:nil="true" /></d2p1:KeyValueOfTranslationPropertystringBTqlfKsv><d2p1:KeyValueOfTranslationPropertystringBTqlfKsv><d2p1:Key>Prefix</d2p1:Key><d2p1:Value i:nil="true" /></d2p1:KeyValueOfTranslationPropertystringBTqlfKsv><d2p1:KeyValueOfTranslationPropertystringBTqlfKsv><d2p1:Key>Suffix</d2p1:Key><d2p1:Value i:nil="true" /></d2p1:KeyValueOfTranslationPropertystringBTqlfKsv></TranslationValues></TranslationItem><TranslationItem xmlns:i="http://www.w3.org/2001/XMLSchema-instance" xmlns="http://schemas.datacontract.org/2004/07/ArcherTech.Common.Domain.Globalization"><Guid>44717016-c67c-4a6b-9219-e0c126746b4b</Guid><Id>20922</Id><IsDesign>true</IsDesign><IsSystem>false</IsSystem><LanguageId>1</LanguageId><TranslationType>FieldDefinition</TranslationType><TranslationValues xmlns:d2p1="http://schemas.microsoft.com/2003/10/Serialization/Arrays"><d2p1:KeyValueOfTranslationPropertystringBTqlfKsv><d2p1:Key>Name</d2p1:Key><d2p1:Value>Manager Review Comments</d2p1:Value></d2p1:KeyValueOfTranslationPropertystringBTqlfKsv><d2p1:KeyValueOfTranslationPropertystringBTqlfKsv><d2p1:Key>HelpText</d2p1:Key><d2p1:Value i:nil="true" /></d2p1:KeyValueOfTranslationPropertystringBTqlfKsv><d2p1:KeyValueOfTranslationPropertystringBTqlfKsv><d2p1:Key>Description</d2p1:Key><d2p1:Value i:nil="true" /></d2p1:KeyValueOfTranslationPropertystringBTqlfKsv><d2p1:KeyValueOfTranslationPropertystringBTqlfKsv><d2p1:Key>DefaultText</d2p1:Key><d2p1:Value></d2p1:Value></d2p1:KeyValueOfTranslationPropertystringBTqlfKsv><d2p1:KeyValueOfTranslationPropertystringBTqlfKsv><d2p1:Key>AdvancedDisplayText</d2p1:Key><d2p1:Value i:nil="true" /></d2p1:KeyValueOfTranslationPropertystringBTqlfKsv><d2p1:KeyValueOfTranslationPropertystringBTqlfKsv><d2p1:Key>Prefix</d2p1:Key><d2p1:Value i:nil="true" /></d2p1:KeyValueOfTranslationPropertystringBTqlfKsv><d2p1:KeyValueOfTranslationPropertystringBTqlfKsv><d2p1:Key>Suffix</d2p1:Key><d2p1:Value i:nil="true" /></d2p1:KeyValueOfTranslationPropertystringBTqlfKsv></TranslationValues></TranslationItem><TranslationItem xmlns:i="http://www.w3.org/2001/XMLSchema-instance" xmlns="http://schemas.datacontract.org/2004/07/ArcherTech.Common.Domain.Globalization"><Guid>62861a5b-ea4f-432f-9aca-f83948ec2464</Guid><Id>20923</Id><IsDesign>true</IsDesign><IsSystem>false</IsSystem><LanguageId>1</LanguageId><TranslationType>FieldDefinition</TranslationType><TranslationValues xmlns:d2p1="http://schemas.microsoft.com/2003/10/Serialization/Arrays"><d2p1:KeyValueOfTranslationPropertystringBTqlfKsv><d2p1:Key>Name</d2p1:Key><d2p1:Value>Manager Review Date</d2p1:Value></d2p1:KeyValueOfTranslationPropertystringBTqlfKsv><d2p1:KeyValueOfTranslationPropertystringBTqlfKsv><d2p1:Key>HelpText</d2p1:Key><d2p1:Value i:nil="true" /></d2p1:KeyValueOfTranslationPropertystringBTqlfKsv><d2p1:KeyValueOfTranslationPropertystringBTqlfKsv><d2p1:Key>Description</d2p1:Key><d2p1:Value i:nil="true" /></d2p1:KeyValueOfTranslationPropertystringBTqlfKsv><d2p1:KeyValueOfTranslationPropertystringBTqlfKsv><d2p1:Key>DefaultText</d2p1:Key><d2p1:Value i:nil="true" /></d2p1:KeyValueOfTranslationPropertystringBTqlfKsv><d2p1:KeyValueOfTranslationPropertystringBTqlfKsv><d2p1:Key>AdvancedDisplayText</d2p1:Key><d2p1:Value i:nil="true" /></d2p1:KeyValueOfTranslationPropertystringBTqlfKsv><d2p1:KeyValueOfTranslationPropertystringBTqlfKsv><d2p1:Key>Prefix</d2p1:Key><d2p1:Value i:nil="true" /></d2p1:KeyValueOfTranslationPropertystringBTqlfKsv><d2p1:KeyValueOfTranslationPropertystringBTqlfKsv><d2p1:Key>Suffix</d2p1:Key><d2p1:Value i:nil="true" /></d2p1:KeyValueOfTranslationPropertystringBTqlfKsv></TranslationValues></TranslationItem><TranslationItem xmlns:i="http://www.w3.org/2001/XMLSchema-instance" xmlns="http://schemas.datacontract.org/2004/07/ArcherTech.Common.Domain.Globalization"><Guid>494d476f-a34d-4d08-bffd-207954babb76</Guid><Id>20924</Id><IsDesign>true</IsDesign><IsSystem>false</IsSystem><LanguageId>1</LanguageId><TranslationType>FieldDefinition</TranslationType><TranslationValues xmlns:d2p1="http://schemas.microsoft.com/2003/10/Serialization/Arrays"><d2p1:KeyValueOfTranslationPropertystringBTqlfKsv><d2p1:Key>Name</d2p1:Key><d2p1:Value>Workflow Current Node</d2p1:Value></d2p1:KeyValueOfTranslationPropertystringBTqlfKsv><d2p1:KeyValueOfTranslationPropertystringBTqlfKsv><d2p1:Key>HelpText</d2p1:Key><d2p1:Value>This name is the current work flow node that the content is in</d2p1:Value></d2p1:KeyValueOfTranslationPropertystringBTqlfKsv><d2p1:KeyValueOfTranslationPropertystringBTqlfKsv><d2p1:Key>Description</d2p1:Key><d2p1:Value i:nil="true" /></d2p1:KeyValueOfTranslationPropertystringBTqlfKsv><d2p1:KeyValueOfTranslationPropertystringBTqlfKsv><d2p1:Key>DefaultText</d2p1:Key><d2p1:Value i:nil="true" /></d2p1:KeyValueOfTranslationPropertystringBTqlfKsv><d2p1:KeyValueOfTranslationPropertystringBTqlfKsv><d2p1:Key>AdvancedDisplayText</d2p1:Key><d2p1:Value i:nil="true" /></d2p1:KeyValueOfTranslationPropertystringBTqlfKsv><d2p1:KeyValueOfTranslationPropertystringBTqlfKsv><d2p1:Key>Prefix</d2p1:Key><d2p1:Value i:nil="true" /></d2p1:KeyValueOfTranslationPropertystringBTqlfKsv><d2p1:KeyValueOfTranslationPropertystringBTqlfKsv><d2p1:Key>Suffix</d2p1:Key><d2p1:Value i:nil="true" /></d2p1:KeyValueOfTranslationPropertystringBTqlfKsv></TranslationValues></TranslationItem><TranslationItem xmlns:i="http://www.w3.org/2001/XMLSchema-instance" xmlns="http://schemas.datacontract.org/2004/07/ArcherTech.Common.Domain.Globalization"><Guid>e238a2fa-9823-4f71-a75c-b099a3e0ac11</Guid><Id>20925</Id><IsDesign>true</IsDesign><IsSystem>false</IsSystem><LanguageId>1</LanguageId><TranslationType>FieldDefinition</TranslationType><TranslationValues xmlns:d2p1="http://schemas.microsoft.com/2003/10/Serialization/Arrays"><d2p1:KeyValueOfTranslationPropertystringBTqlfKsv><d2p1:Key>Name</d2p1:Key><d2p1:Value>Workflow Process Version</d2p1:Value></d2p1:KeyValueOfTranslationPropertystringBTqlfKsv><d2p1:KeyValueOfTranslationPropertystringBTqlfKsv><d2p1:Key>HelpText</d2p1:Key><d2p1:Value>This is the workflow version the content was enrolled under.</d2p1:Value></d2p1:KeyValueOfTranslationPropertystringBTqlfKsv><d2p1:KeyValueOfTranslationPropertystringBTqlfKsv><d2p1:Key>Description</d2p1:Key><d2p1:Value i:nil="true" /></d2p1:KeyValueOfTranslationPropertystringBTqlfKsv><d2p1:KeyValueOfTranslationPropertystringBTqlfKsv><d2p1:Key>DefaultText</d2p1:Key><d2p1:Value i:nil="true" /></d2p1:KeyValueOfTranslationPropertystringBTqlfKsv><d2p1:KeyValueOfTranslationPropertystringBTqlfKsv><d2p1:Key>AdvancedDisplayText</d2p1:Key><d2p1:Value i:nil="true" /></d2p1:KeyValueOfTranslationPropertystringBTqlfKsv><d2p1:KeyValueOfTranslationPropertystringBTqlfKsv><d2p1:Key>Prefix</d2p1:Key><d2p1:Value i:nil="true" /></d2p1:KeyValueOfTranslationPropertystringBTqlfKsv><d2p1:KeyValueOfTranslationPropertystringBTqlfKsv><d2p1:Key>Suffix</d2p1:Key><d2p1:Value i:nil="true" /></d2p1:KeyValueOfTranslationPropertystringBTqlfKsv></TranslationValues></TranslationItem><TranslationItem xmlns:i="http://www.w3.org/2001/XMLSchema-instance" xmlns="http://schemas.datacontract.org/2004/07/ArcherTech.Common.Domain.Globalization"><Guid>df6069c6-0e89-4a92-8342-e0a66e65e010</Guid><Id>20926</Id><IsDesign>true</IsDesign><IsSystem>false</IsSystem><LanguageId>1</LanguageId><TranslationType>FieldDefinition</TranslationType><TranslationValues xmlns:d2p1="http://schemas.microsoft.com/2003/10/Serialization/Arrays"><d2p1:KeyValueOfTranslationPropertystringBTqlfKsv><d2p1:Key>Name</d2p1:Key><d2p1:Value>Workflow Job Status</d2p1:Value></d2p1:KeyValueOfTranslationPropertystringBTqlfKsv><d2p1:KeyValueOfTranslationPropertystringBTqlfKsv><d2p1:Key>HelpText</d2p1:Key><d2p1:Value>This is the most recent workflow job status</d2p1:Value></d2p1:KeyValueOfTranslationPropertystringBTqlfKsv><d2p1:KeyValueOfTranslationPropertystringBTqlfKsv><d2p1:Key>Description</d2p1:Key><d2p1:Value i:nil="true" /></d2p1:KeyValueOfTranslationPropertystringBTqlfKsv><d2p1:KeyValueOfTranslationPropertystringBTqlfKsv><d2p1:Key>DefaultText</d2p1:Key><d2p1:Value i:nil="true" /></d2p1:KeyValueOfTranslationPropertystringBTqlfKsv><d2p1:KeyValueOfTranslationPropertystringBTqlfKsv><d2p1:Key>AdvancedDisplayText</d2p1:Key><d2p1:Value i:nil="true" /></d2p1:KeyValueOfTranslationPropertystringBTqlfKsv><d2p1:KeyValueOfTranslationPropertystringBTqlfKsv><d2p1:Key>Prefix</d2p1:Key><d2p1:Value i:nil="true" /></d2p1:KeyValueOfTranslationPropertystringBTqlfKsv><d2p1:KeyValueOfTranslationPropertystringBTqlfKsv><d2p1:Key>Suffix</d2p1:Key><d2p1:Value i:nil="true" /></d2p1:KeyValueOfTranslationPropertystringBTqlfKsv></TranslationValues></TranslationItem><TranslationItem xmlns:i="http://www.w3.org/2001/XMLSchema-instance" xmlns="http://schemas.datacontract.org/2004/07/ArcherTech.Common.Domain.Globalization"><Guid>ea7d9a4a-71c9-4a18-a105-847a349db354</Guid><Id>20927</Id><IsDesign>true</IsDesign><IsSystem>false</IsSystem><LanguageId>1</LanguageId><TranslationType>FieldDefinition</TranslationType><TranslationValues xmlns:d2p1="http://schemas.microsoft.com/2003/10/Serialization/Arrays"><d2p1:KeyValueOfTranslationPropertystringBTqlfKsv><d2p1:Key>Name</d2p1:Key><d2p1:Value>Requester</d2p1:Value></d2p1:KeyValueOfTranslationPropertystringBTqlfKsv><d2p1:KeyValueOfTranslationPropertystringBTqlfKsv><d2p1:Key>HelpText</d2p1:Key><d2p1:Value i:nil="true" /></d2p1:KeyValueOfTranslationPropertystringBTqlfKsv><d2p1:KeyValueOfTranslationPropertystringBTqlfKsv><d2p1:Key>Description</d2p1:Key><d2p1:Value i:nil="true" /></d2p1:KeyValueOfTranslationPropertystringBTqlfKsv><d2p1:KeyValueOfTranslationPropertystringBTqlfKsv><d2p1:Key>DefaultText</d2p1:Key><d2p1:Value i:nil="true" /></d2p1:KeyValueOfTranslationPropertystringBTqlfKsv><d2p1:KeyValueOfTranslationPropertystringBTqlfKsv><d2p1:Key>AdvancedDisplayText</d2p1:Key><d2p1:Value i:nil="true" /></d2p1:KeyValueOfTranslationPropertystringBTqlfKsv><d2p1:KeyValueOfTranslationPropertystringBTqlfKsv><d2p1:Key>Prefix</d2p1:Key><d2p1:Value i:nil="true" /></d2p1:KeyValueOfTranslationPropertystringBTqlfKsv><d2p1:KeyValueOfTranslationPropertystringBTqlfKsv><d2p1:Key>Suffix</d2p1:Key><d2p1:Value i:nil="true" /></d2p1:KeyValueOfTranslationPropertystringBTqlfKsv></TranslationValues></TranslationItem><TranslationItem xmlns:i="http://www.w3.org/2001/XMLSchema-instance" xmlns="http://schemas.datacontract.org/2004/07/ArcherTech.Common.Domain.Globalization"><Guid>8a40b0e1-790c-4109-9090-0992a0610867</Guid><Id>20928</Id><IsDesign>true</IsDesign><IsSystem>false</IsSystem><LanguageId>1</LanguageId><TranslationType>FieldDefinition</TranslationType><TranslationValues xmlns:d2p1="http://schemas.microsoft.com/2003/10/Serialization/Arrays"><d2p1:KeyValueOfTranslationPropertystringBTqlfKsv><d2p1:Key>Name</d2p1:Key><d2p1:Value>Manager</d2p1:Value></d2p1:KeyValueOfTranslationPropertystringBTqlfKsv><d2p1:KeyValueOfTranslationPropertystringBTqlfKsv><d2p1:Key>HelpText</d2p1:Key><d2p1:Value i:nil="true" /></d2p1:KeyValueOfTranslationPropertystringBTqlfKsv><d2p1:KeyValueOfTranslationPropertystringBTqlfKsv><d2p1:Key>Description</d2p1:Key><d2p1:Value></d2p1:Value></d2p1:KeyValueOfTranslationPropertystringBTqlfKsv><d2p1:KeyValueOfTranslationPropertystringBTqlfKsv><d2p1:Key>DefaultText</d2p1:Key><d2p1:Value i:nil="true" /></d2p1:KeyValueOfTranslationPropertystringBTqlfKsv><d2p1:KeyValueOfTranslationPropertystringBTqlfKsv><d2p1:Key>AdvancedDisplayText</d2p1:Key><d2p1:Value i:nil="true" /></d2p1:KeyValueOfTranslationPropertystringBTqlfKsv><d2p1:KeyValueOfTranslationPropertystringBTqlfKsv><d2p1:Key>Prefix</d2p1:Key><d2p1:Value i:nil="true" /></d2p1:KeyValueOfTranslationPropertystringBTqlfKsv><d2p1:KeyValueOfTranslationPropertystringBTqlfKsv><d2p1:Key>Suffix</d2p1:Key><d2p1:Value i:nil="true" /></d2p1:KeyValueOfTranslationPropertystringBTqlfKsv></TranslationValues></TranslationItem><TranslationItem xmlns:i="http://www.w3.org/2001/XMLSchema-instance" xmlns="http://schemas.datacontract.org/2004/07/ArcherTech.Common.Domain.Globalization"><Guid>4aa3eeba-ed14-4bc3-9c62-da1401a41428</Guid><Id>20929</Id><IsDesign>true</IsDesign><IsSystem>false</IsSystem><LanguageId>1</LanguageId><TranslationType>FieldDefinition</TranslationType><TranslationValues xmlns:d2p1="http://schemas.microsoft.com/2003/10/Serialization/Arrays"><d2p1:KeyValueOfTranslationPropertystringBTqlfKsv><d2p1:Key>Name</d2p1:Key><d2p1:Value>Groups to Add</d2p1:Value></d2p1:KeyValueOfTranslationPropertystringBTqlfKsv><d2p1:KeyValueOfTranslationPropertystringBTqlfKsv><d2p1:Key>HelpText</d2p1:Key><d2p1:Value i:nil="true" /></d2p1:KeyValueOfTranslationPropertystringBTqlfKsv><d2p1:KeyValueOfTranslationPropertystringBTqlfKsv><d2p1:Key>Description</d2p1:Key><d2p1:Value i:nil="true" /></d2p1:KeyValueOfTranslationPropertystringBTqlfKsv><d2p1:KeyValueOfTranslationPropertystringBTqlfKsv><d2p1:Key>DefaultText</d2p1:Key><d2p1:Value i:nil="true" /></d2p1:KeyValueOfTranslationPropertystringBTqlfKsv><d2p1:KeyValueOfTranslationPropertystringBTqlfKsv><d2p1:Key>AdvancedDisplayText</d2p1:Key><d2p1:Value i:nil="true" /></d2p1:KeyValueOfTranslationPropertystringBTqlfKsv><d2p1:KeyValueOfTranslationPropertystringBTqlfKsv><d2p1:Key>Prefix</d2p1:Key><d2p1:Value i:nil="true" /></d2p1:KeyValueOfTranslationPropertystringBTqlfKsv><d2p1:KeyValueOfTranslationPropertystringBTqlfKsv><d2p1:Key>Suffix</d2p1:Key><d2p1:Value i:nil="true" /></d2p1:KeyValueOfTranslationPropertystringBTqlfKsv></TranslationValues></TranslationItem><TranslationItem xmlns:i="http://www.w3.org/2001/XMLSchema-instance" xmlns="http://schemas.datacontract.org/2004/07/ArcherTech.Common.Domain.Globalization"><Guid>f79d6dc8-0265-4724-b24d-b623aed7f5cd</Guid><Id>20930</Id><IsDesign>true</IsDesign><IsSystem>false</IsSystem><LanguageId>1</LanguageId><TranslationType>FieldDefinition</TranslationType><TranslationValues xmlns:d2p1="http://schemas.microsoft.com/2003/10/Serialization/Arrays"><d2p1:KeyValueOfTranslationPropertystringBTqlfKsv><d2p1:Key>Name</d2p1:Key><d2p1:Value>Groups to Remove</d2p1:Value></d2p1:KeyValueOfTranslationPropertystringBTqlfKsv><d2p1:KeyValueOfTranslationPropertystringBTqlfKsv><d2p1:Key>HelpText</d2p1:Key><d2p1:Value i:nil="true" /></d2p1:KeyValueOfTranslationPropertystringBTqlfKsv><d2p1:KeyValueOfTranslationPropertystringBTqlfKsv><d2p1:Key>Description</d2p1:Key><d2p1:Value i:nil="true" /></d2p1:KeyValueOfTranslationPropertystringBTqlfKsv><d2p1:KeyValueOfTranslationPropertystringBTqlfKsv><d2p1:Key>DefaultText</d2p1:Key><d2p1:Value i:nil="true" /></d2p1:KeyValueOfTranslationPropertystringBTqlfKsv><d2p1:KeyValueOfTranslationPropertystringBTqlfKsv><d2p1:Key>AdvancedDisplayText</d2p1:Key><d2p1:Value i:nil="true" /></d2p1:KeyValueOfTranslationPropertystringBTqlfKsv><d2p1:KeyValueOfTranslationPropertystringBTqlfKsv><d2p1:Key>Prefix</d2p1:Key><d2p1:Value i:nil="true" /></d2p1:KeyValueOfTranslationPropertystringBTqlfKsv><d2p1:KeyValueOfTranslationPropertystringBTqlfKsv><d2p1:Key>Suffix</d2p1:Key><d2p1:Value i:nil="true" /></d2p1:KeyValueOfTranslationPropertystringBTqlfKsv></TranslationValues></TranslationItem><TranslationItem xmlns:i="http://www.w3.org/2001/XMLSchema-instance" xmlns="http://schemas.datacontract.org/2004/07/ArcherTech.Common.Domain.Globalization"><Guid>282bddd1-578b-4743-9ce5-c9b8376e6705</Guid><Id>20933</Id><IsDesign>true</IsDesign><IsSystem>false</IsSystem><LanguageId>1</LanguageId><TranslationType>FieldDefinition</TranslationType><TranslationValues xmlns:d2p1="http://schemas.microsoft.com/2003/10/Serialization/Arrays"><d2p1:KeyValueOfTranslationPropertystringBTqlfKsv><d2p1:Key>Name</d2p1:Key><d2p1:Value>History Log</d2p1:Value></d2p1:KeyValueOfTranslationPropertystringBTqlfKsv><d2p1:KeyValueOfTranslationPropertystringBTqlfKsv><d2p1:Key>HelpText</d2p1:Key><d2p1:Value i:nil="true" /></d2p1:KeyValueOfTranslationPropertystringBTqlfKsv><d2p1:KeyValueOfTranslationPropertystringBTqlfKsv><d2p1:Key>Description</d2p1:Key><d2p1:Value i:nil="true" /></d2p1:KeyValueOfTranslationPropertystringBTqlfKsv><d2p1:KeyValueOfTranslationPropertystringBTqlfKsv><d2p1:Key>DefaultText</d2p1:Key><d2p1:Value i:nil="true" /></d2p1:KeyValueOfTranslationPropertystringBTqlfKsv><d2p1:KeyValueOfTranslationPropertystringBTqlfKsv><d2p1:Key>AdvancedDisplayText</d2p1:Key><d2p1:Value i:nil="true" /></d2p1:KeyValueOfTranslationPropertystringBTqlfKsv><d2p1:KeyValueOfTranslationPropertystringBTqlfKsv><d2p1:Key>Prefix</d2p1:Key><d2p1:Value i:nil="true" /></d2p1:KeyValueOfTranslationPropertystringBTqlfKsv><d2p1:KeyValueOfTranslationPropertystringBTqlfKsv><d2p1:Key>Suffix</d2p1:Key><d2p1:Value i:nil="true" /></d2p1:KeyValueOfTranslationPropertystringBTqlfKsv></TranslationValues></TranslationItem><TranslationItem xmlns:i="http://www.w3.org/2001/XMLSchema-instance" xmlns="http://schemas.datacontract.org/2004/07/ArcherTech.Common.Domain.Globalization"><Guid>a075e930-4b7a-472b-8a64-72dc4c9d84e9</Guid><Id>20934</Id><IsDesign>true</IsDesign><IsSystem>false</IsSystem><LanguageId>1</LanguageId><TranslationType>FieldDefinition</TranslationType><TranslationValues xmlns:d2p1="http://schemas.microsoft.com/2003/10/Serialization/Arrays"><d2p1:KeyValueOfTranslationPropertystringBTqlfKsv><d2p1:Key>Name</d2p1:Key><d2p1:Value>Processor Activity</d2p1:Value></d2p1:KeyValueOfTranslationPropertystringBTqlfKsv><d2p1:KeyValueOfTranslationPropertystringBTqlfKsv><d2p1:Key>HelpText</d2p1:Key><d2p1:Value i:nil="true" /></d2p1:KeyValueOfTranslationPropertystringBTqlfKsv><d2p1:KeyValueOfTranslationPropertystringBTqlfKsv><d2p1:Key>Description</d2p1:Key><d2p1:Value i:nil="true" /></d2p1:KeyValueOfTranslationPropertystringBTqlfKsv><d2p1:KeyValueOfTranslationPropertystringBTqlfKsv><d2p1:Key>DefaultText</d2p1:Key><d2p1:Value></d2p1:Value></d2p1:KeyValueOfTranslationPropertystringBTqlfKsv><d2p1:KeyValueOfTranslationPropertystringBTqlfKsv><d2p1:Key>AdvancedDisplayText</d2p1:Key><d2p1:Value i:nil="true" /></d2p1:KeyValueOfTranslationPropertystringBTqlfKsv><d2p1:KeyValueOfTranslationPropertystringBTqlfKsv><d2p1:Key>Prefix</d2p1:Key><d2p1:Value i:nil="true" /></d2p1:KeyValueOfTranslationPropertystringBTqlfKsv><d2p1:KeyValueOfTranslationPropertystringBTqlfKsv><d2p1:Key>Suffix</d2p1:Key><d2p1:Value i:nil="true" /></d2p1:KeyValueOfTranslationPropertystringBTqlfKsv></TranslationValues></TranslationItem><TranslationItem xmlns:i="http://www.w3.org/2001/XMLSchema-instance" xmlns="http://schemas.datacontract.org/2004/07/ArcherTech.Common.Domain.Globalization"><Guid>76b5c7aa-8a9f-4217-907d-82ddb9195303</Guid><Id>20935</Id><IsDesign>true</IsDesign><IsSystem>false</IsSystem><LanguageId>1</LanguageId><TranslationType>FieldDefinition</TranslationType><TranslationValues xmlns:d2p1="http://schemas.microsoft.com/2003/10/Serialization/Arrays"><d2p1:KeyValueOfTranslationPropertystringBTqlfKsv><d2p1:Key>Name</d2p1:Key><d2p1:Value>Impacted User</d2p1:Value></d2p1:KeyValueOfTranslationPropertystringBTqlfKsv><d2p1:KeyValueOfTranslationPropertystringBTqlfKsv><d2p1:Key>HelpText</d2p1:Key><d2p1:Value i:nil="true" /></d2p1:KeyValueOfTranslationPropertystringBTqlfKsv><d2p1:KeyValueOfTranslationPropertystringBTqlfKsv><d2p1:Key>Description</d2p1:Key><d2p1:Value></d2p1:Value></d2p1:KeyValueOfTranslationPropertystringBTqlfKsv><d2p1:KeyValueOfTranslationPropertystringBTqlfKsv><d2p1:Key>DefaultText</d2p1:Key><d2p1:Value i:nil="true" /></d2p1:KeyValueOfTranslationPropertystringBTqlfKsv><d2p1:KeyValueOfTranslationPropertystringBTqlfKsv><d2p1:Key>AdvancedDisplayText</d2p1:Key><d2p1:Value i:nil="true" /></d2p1:KeyValueOfTranslationPropertystringBTqlfKsv><d2p1:KeyValueOfTranslationPropertystringBTqlfKsv><d2p1:Key>Prefix</d2p1:Key><d2p1:Value i:nil="true" /></d2p1:KeyValueOfTranslationPropertystringBTqlfKsv><d2p1:KeyValueOfTranslationPropertystringBTqlfKsv><d2p1:Key>Suffix</d2p1:Key><d2p1:Value i:nil="true" /></d2p1:KeyValueOfTranslationPropertystringBTqlfKsv></TranslationValues></TranslationItem><TranslationItem xmlns:i="http://www.w3.org/2001/XMLSchema-instance" xmlns="http://schemas.datacontract.org/2004/07/ArcherTech.Common.Domain.Globalization"><Guid>528d0dd8-8f71-4d4d-aac7-11fa4e74d5c9</Guid><Id>72713</Id><IsDesign>true</IsDesign><IsSystem>false</IsSystem><LanguageId>1</LanguageId><TranslationType>CustomValuesListValue</TranslationType><TranslationValues xmlns:d2p1="http://schemas.microsoft.com/2003/10/Serialization/Arrays"><d2p1:KeyValueOfTranslationPropertystringBTqlfKsv><d2p1:Key>Name</d2p1:Key><d2p1:Value>Draft</d2p1:Value></d2p1:KeyValueOfTranslationPropertystringBTqlfKsv><d2p1:KeyValueOfTranslationPropertystringBTqlfKsv><d2p1:Key>Description</d2p1:Key><d2p1:Value i:nil="true" /></d2p1:KeyValueOfTranslationPropertystringBTqlfKsv><d2p1:KeyValueOfTranslationPropertystringBTqlfKsv><d2p1:Key>DefaultText</d2p1:Key><d2p1:Value>Other...</d2p1:Value></d2p1:KeyValueOfTranslationPropertystringBTqlfKsv></TranslationValues></TranslationItem><TranslationItem xmlns:i="http://www.w3.org/2001/XMLSchema-instance" xmlns="http://schemas.datacontract.org/2004/07/ArcherTech.Common.Domain.Globalization"><Guid>40e55152-2cd5-4c97-b485-a3128a936805</Guid><Id>72714</Id><IsDesign>true</IsDesign><IsSystem>false</IsSystem><LanguageId>1</LanguageId><TranslationType>CustomValuesListValue</TranslationType><TranslationValues xmlns:d2p1="http://schemas.microsoft.com/2003/10/Serialization/Arrays"><d2p1:KeyValueOfTranslationPropertystringBTqlfKsv><d2p1:Key>Name</d2p1:Key><d2p1:Value>Pending Manager Review</d2p1:Value></d2p1:KeyValueOfTranslationPropertystringBTqlfKsv><d2p1:KeyValueOfTranslationPropertystringBTqlfKsv><d2p1:Key>Description</d2p1:Key><d2p1:Value i:nil="true" /></d2p1:KeyValueOfTranslationPropertystringBTqlfKsv><d2p1:KeyValueOfTranslationPropertystringBTqlfKsv><d2p1:Key>DefaultText</d2p1:Key><d2p1:Value>Other...</d2p1:Value></d2p1:KeyValueOfTranslationPropertystringBTqlfKsv></TranslationValues></TranslationItem><TranslationItem xmlns:i="http://www.w3.org/2001/XMLSchema-instance" xmlns="http://schemas.datacontract.org/2004/07/ArcherTech.Common.Domain.Globalization"><Guid>fd276445-51dc-4744-ae8d-b6cabf0dfb77</Guid><Id>72715</Id><IsDesign>true</IsDesign><IsSystem>false</IsSystem><LanguageId>1</LanguageId><TranslationType>CustomValuesListValue</TranslationType><TranslationValues xmlns:d2p1="http://schemas.microsoft.com/2003/10/Serialization/Arrays"><d2p1:KeyValueOfTranslationPropertystringBTqlfKsv><d2p1:Key>Name</d2p1:Key><d2p1:Value>Approved - Not Implemented</d2p1:Value></d2p1:KeyValueOfTranslationPropertystringBTqlfKsv><d2p1:KeyValueOfTranslationPropertystringBTqlfKsv><d2p1:Key>Description</d2p1:Key><d2p1:Value i:nil="true" /></d2p1:KeyValueOfTranslationPropertystringBTqlfKsv><d2p1:KeyValueOfTranslationPropertystringBTqlfKsv><d2p1:Key>DefaultText</d2p1:Key><d2p1:Value>Other...</d2p1:Value></d2p1:KeyValueOfTranslationPropertystringBTqlfKsv></TranslationValues></TranslationItem><TranslationItem xmlns:i="http://www.w3.org/2001/XMLSchema-instance" xmlns="http://schemas.datacontract.org/2004/07/ArcherTech.Common.Domain.Globalization"><Guid>60592def-4521-4e41-be6e-6eeb7c476ff9</Guid><Id>72716</Id><IsDesign>true</IsDesign><IsSystem>false</IsSystem><LanguageId>1</LanguageId><TranslationType>CustomValuesListValue</TranslationType><TranslationValues xmlns:d2p1="http://schemas.microsoft.com/2003/10/Serialization/Arrays"><d2p1:KeyValueOfTranslationPropertystringBTqlfKsv><d2p1:Key>Name</d2p1:Key><d2p1:Value>Complete</d2p1:Value></d2p1:KeyValueOfTranslationPropertystringBTqlfKsv><d2p1:KeyValueOfTranslationPropertystringBTqlfKsv><d2p1:Key>Description</d2p1:Key><d2p1:Value i:nil="true" /></d2p1:KeyValueOfTranslationPropertystringBTqlfKsv><d2p1:KeyValueOfTranslationPropertystringBTqlfKsv><d2p1:Key>DefaultText</d2p1:Key><d2p1:Value>Other...</d2p1:Value></d2p1:KeyValueOfTranslationPropertystringBTqlfKsv></TranslationValues></TranslationItem><TranslationItem xmlns:i="http://www.w3.org/2001/XMLSchema-instance" xmlns="http://schemas.datacontract.org/2004/07/ArcherTech.Common.Domain.Globalization"><Guid>d06497d2-4468-48e4-bd1b-610aa23c23e5</Guid><Id>72717</Id><IsDesign>true</IsDesign><IsSystem>false</IsSystem><LanguageId>1</LanguageId><TranslationType>CustomValuesListValue</TranslationType><TranslationValues xmlns:d2p1="http://schemas.microsoft.com/2003/10/Serialization/Arrays"><d2p1:KeyValueOfTranslationPropertystringBTqlfKsv><d2p1:Key>Name</d2p1:Key><d2p1:Value>Add Access</d2p1:Value></d2p1:KeyValueOfTranslationPropertystringBTqlfKsv><d2p1:KeyValueOfTranslationPropertystringBTqlfKsv><d2p1:Key>Description</d2p1:Key><d2p1:Value i:nil="true" /></d2p1:KeyValueOfTranslationPropertystringBTqlfKsv><d2p1:KeyValueOfTranslationPropertystringBTqlfKsv><d2p1:Key>DefaultText</d2p1:Key><d2p1:Value>Other...</d2p1:Value></d2p1:KeyValueOfTranslationPropertystringBTqlfKsv></TranslationValues></TranslationItem><TranslationItem xmlns:i="http://www.w3.org/2001/XMLSchema-instance" xmlns="http://schemas.datacontract.org/2004/07/ArcherTech.Common.Domain.Globalization"><Guid>30c5052b-c583-4716-ae7a-5698a773268d</Guid><Id>72718</Id><IsDesign>true</IsDesign><IsSystem>false</IsSystem><LanguageId>1</LanguageId><TranslationType>CustomValuesListValue</TranslationType><TranslationValues xmlns:d2p1="http://schemas.microsoft.com/2003/10/Serialization/Arrays"><d2p1:KeyValueOfTranslationPropertystringBTqlfKsv><d2p1:Key>Name</d2p1:Key><d2p1:Value>Remove Access</d2p1:Value></d2p1:KeyValueOfTranslationPropertystringBTqlfKsv><d2p1:KeyValueOfTranslationPropertystringBTqlfKsv><d2p1:Key>Description</d2p1:Key><d2p1:Value i:nil="true" /></d2p1:KeyValueOfTranslationPropertystringBTqlfKsv><d2p1:KeyValueOfTranslationPropertystringBTqlfKsv><d2p1:Key>DefaultText</d2p1:Key><d2p1:Value>Other...</d2p1:Value></d2p1:KeyValueOfTranslationPropertystringBTqlfKsv></TranslationValues></TranslationItem><TranslationItem xmlns:i="http://www.w3.org/2001/XMLSchema-instance" xmlns="http://schemas.datacontract.org/2004/07/ArcherTech.Common.Domain.Globalization"><Guid>e1444031-d47e-4094-bfb8-1c5a8bda00d7</Guid><Id>72719</Id><IsDesign>true</IsDesign><IsSystem>false</IsSystem><LanguageId>1</LanguageId><TranslationType>CustomValuesListValue</TranslationType><TranslationValues xmlns:d2p1="http://schemas.microsoft.com/2003/10/Serialization/Arrays"><d2p1:KeyValueOfTranslationPropertystringBTqlfKsv><d2p1:Key>Name</d2p1:Key><d2p1:Value>N/A</d2p1:Value></d2p1:KeyValueOfTranslationPropertystringBTqlfKsv><d2p1:KeyValueOfTranslationPropertystringBTqlfKsv><d2p1:Key>Description</d2p1:Key><d2p1:Value i:nil="true" /></d2p1:KeyValueOfTranslationPropertystringBTqlfKsv><d2p1:KeyValueOfTranslationPropertystringBTqlfKsv><d2p1:Key>DefaultText</d2p1:Key><d2p1:Value>Other...</d2p1:Value></d2p1:KeyValueOfTranslationPropertystringBTqlfKsv></TranslationValues></TranslationItem><TranslationItem xmlns:i="http://www.w3.org/2001/XMLSchema-instance" xmlns="http://schemas.datacontract.org/2004/07/ArcherTech.Common.Domain.Globalization"><Guid>d75b7191-1459-46ee-93b8-b610f6364a42</Guid><Id>72720</Id><IsDesign>true</IsDesign><IsSystem>false</IsSystem><LanguageId>1</LanguageId><TranslationType>CustomValuesListValue</TranslationType><TranslationValues xmlns:d2p1="http://schemas.microsoft.com/2003/10/Serialization/Arrays"><d2p1:KeyValueOfTranslationPropertystringBTqlfKsv><d2p1:Key>Name</d2p1:Key><d2p1:Value>No</d2p1:Value></d2p1:KeyValueOfTranslationPropertystringBTqlfKsv><d2p1:KeyValueOfTranslationPropertystringBTqlfKsv><d2p1:Key>Description</d2p1:Key><d2p1:Value i:nil="true" /></d2p1:KeyValueOfTranslationPropertystringBTqlfKsv><d2p1:KeyValueOfTranslationPropertystringBTqlfKsv><d2p1:Key>DefaultText</d2p1:Key><d2p1:Value>Other...</d2p1:Value></d2p1:KeyValueOfTranslationPropertystringBTqlfKsv></TranslationValues></TranslationItem><TranslationItem xmlns:i="http://www.w3.org/2001/XMLSchema-instance" xmlns="http://schemas.datacontract.org/2004/07/ArcherTech.Common.Domain.Globalization"><Guid>7cfb3bfc-6004-40cd-8987-20ef2ccad309</Guid><Id>72721</Id><IsDesign>true</IsDesign><IsSystem>false</IsSystem><LanguageId>1</LanguageId><TranslationType>CustomValuesListValue</TranslationType><TranslationValues xmlns:d2p1="http://schemas.microsoft.com/2003/10/Serialization/Arrays"><d2p1:KeyValueOfTranslationPropertystringBTqlfKsv><d2p1:Key>Name</d2p1:Key><d2p1:Value>Yes</d2p1:Value></d2p1:KeyValueOfTranslationPropertystringBTqlfKsv><d2p1:KeyValueOfTranslationPropertystringBTqlfKsv><d2p1:Key>Description</d2p1:Key><d2p1:Value i:nil="true" /></d2p1:KeyValueOfTranslationPropertystringBTqlfKsv><d2p1:KeyValueOfTranslationPropertystringBTqlfKsv><d2p1:Key>DefaultText</d2p1:Key><d2p1:Value>Other...</d2p1:Value></d2p1:KeyValueOfTranslationPropertystringBTqlfKsv></TranslationValues></TranslationItem><TranslationItem xmlns:i="http://www.w3.org/2001/XMLSchema-instance" xmlns="http://schemas.datacontract.org/2004/07/ArcherTech.Common.Domain.Globalization"><Guid>0818e45e-df10-4c36-b33f-c95dbe774a07</Guid><Id>71299</Id><IsDesign>true</IsDesign><IsSystem>false</IsSystem><LanguageId>1</LanguageId><TranslationType>GlobalValuesListValue</TranslationType><TranslationValues xmlns:d2p1="http://schemas.microsoft.com/2003/10/Serialization/Arrays"><d2p1:KeyValueOfTranslationPropertystringBTqlfKsv><d2p1:Key>Name</d2p1:Key><d2p1:Value>Pending</d2p1:Value></d2p1:KeyValueOfTranslationPropertystringBTqlfKsv><d2p1:KeyValueOfTranslationPropertystringBTqlfKsv><d2p1:Key>Description</d2p1:Key><d2p1:Value i:nil="true" /></d2p1:KeyValueOfTranslationPropertystringBTqlfKsv><d2p1:KeyValueOfTranslationPropertystringBTqlfKsv><d2p1:Key>DefaultText</d2p1:Key><d2p1:Value i:nil="true" /></d2p1:KeyValueOfTranslationPropertystringBTqlfKsv></TranslationValues></TranslationItem><TranslationItem xmlns:i="http://www.w3.org/2001/XMLSchema-instance" xmlns="http://schemas.datacontract.org/2004/07/ArcherTech.Common.Domain.Globalization"><Guid>0233f8de-c1c5-4488-a82a-a1943299fe91</Guid><Id>71300</Id><IsDesign>true</IsDesign><IsSystem>false</IsSystem><LanguageId>1</LanguageId><TranslationType>GlobalValuesListValue</TranslationType><TranslationValues xmlns:d2p1="http://schemas.microsoft.com/2003/10/Serialization/Arrays"><d2p1:KeyValueOfTranslationPropertystringBTqlfKsv><d2p1:Key>Name</d2p1:Key><d2p1:Value>Running</d2p1:Value></d2p1:KeyValueOfTranslationPropertystringBTqlfKsv><d2p1:KeyValueOfTranslationPropertystringBTqlfKsv><d2p1:Key>Description</d2p1:Key><d2p1:Value i:nil="true" /></d2p1:KeyValueOfTranslationPropertystringBTqlfKsv><d2p1:KeyValueOfTranslationPropertystringBTqlfKsv><d2p1:Key>DefaultText</d2p1:Key><d2p1:Value i:nil="true" /></d2p1:KeyValueOfTranslationPropertystringBTqlfKsv></TranslationValues></TranslationItem><TranslationItem xmlns:i="http://www.w3.org/2001/XMLSchema-instance" xmlns="http://schemas.datacontract.org/2004/07/ArcherTech.Common.Domain.Globalization"><Guid>c2d4252d-473f-435b-9459-b8a871404c4b</Guid><Id>71301</Id><IsDesign>true</IsDesign><IsSystem>false</IsSystem><LanguageId>1</LanguageId><TranslationType>GlobalValuesListValue</TranslationType><TranslationValues xmlns:d2p1="http://schemas.microsoft.com/2003/10/Serialization/Arrays"><d2p1:KeyValueOfTranslationPropertystringBTqlfKsv><d2p1:Key>Name</d2p1:Key><d2p1:Value>Complete</d2p1:Value></d2p1:KeyValueOfTranslationPropertystringBTqlfKsv><d2p1:KeyValueOfTranslationPropertystringBTqlfKsv><d2p1:Key>Description</d2p1:Key><d2p1:Value i:nil="true" /></d2p1:KeyValueOfTranslationPropertystringBTqlfKsv><d2p1:KeyValueOfTranslationPropertystringBTqlfKsv><d2p1:Key>DefaultText</d2p1:Key><d2p1:Value i:nil="true" /></d2p1:KeyValueOfTranslationPropertystringBTqlfKsv></TranslationValues></TranslationItem><TranslationItem xmlns:i="http://www.w3.org/2001/XMLSchema-instance" xmlns="http://schemas.datacontract.org/2004/07/ArcherTech.Common.Domain.Globalization"><Guid>bce499f2-306b-408f-99de-f8933b59457c</Guid><Id>71302</Id><IsDesign>true</IsDesign><IsSystem>false</IsSystem><LanguageId>1</LanguageId><TranslationType>GlobalValuesListValue</TranslationType><TranslationValues xmlns:d2p1="http://schemas.microsoft.com/2003/10/Serialization/Arrays"><d2p1:KeyValueOfTranslationPropertystringBTqlfKsv><d2p1:Key>Name</d2p1:Key><d2p1:Value>Error</d2p1:Value></d2p1:KeyValueOfTranslationPropertystringBTqlfKsv><d2p1:KeyValueOfTranslationPropertystringBTqlfKsv><d2p1:Key>Description</d2p1:Key><d2p1:Value i:nil="true" /></d2p1:KeyValueOfTranslationPropertystringBTqlfKsv><d2p1:KeyValueOfTranslationPropertystringBTqlfKsv><d2p1:Key>DefaultText</d2p1:Key><d2p1:Value i:nil="true" /></d2p1:KeyValueOfTranslationPropertystringBTqlfKsv></TranslationValues></TranslationItem><TranslationItem xmlns:i="http://www.w3.org/2001/XMLSchema-instance" xmlns="http://schemas.datacontract.org/2004/07/ArcherTech.Common.Domain.Globalization"><Guid>47833b37-0f8a-47f5-b180-08fa352b4e19</Guid><Id>72347</Id><IsDesign>true</IsDesign><IsSystem>false</IsSystem><LanguageId>1</LanguageId><TranslationType>GlobalValuesListValue</TranslationType><TranslationValues xmlns:d2p1="http://schemas.microsoft.com/2003/10/Serialization/Arrays"><d2p1:KeyValueOfTranslationPropertystringBTqlfKsv><d2p1:Key>Name</d2p1:Key><d2p1:Value>Cancelled</d2p1:Value></d2p1:KeyValueOfTranslationPropertystringBTqlfKsv><d2p1:KeyValueOfTranslationPropertystringBTqlfKsv><d2p1:Key>Description</d2p1:Key><d2p1:Value i:nil="true" /></d2p1:KeyValueOfTranslationPropertystringBTqlfKsv><d2p1:KeyValueOfTranslationPropertystringBTqlfKsv><d2p1:Key>DefaultText</d2p1:Key><d2p1:Value i:nil="true" /></d2p1:KeyValueOfTranslationPropertystringBTqlfKsv></TranslationValues></TranslationItem><TranslationItem xmlns:i="http://www.w3.org/2001/XMLSchema-instance" xmlns="http://schemas.datacontract.org/2004/07/ArcherTech.Common.Domain.Globalization"><Guid>7691335b-1453-4969-93bc-524815971ece</Guid><Id>2848</Id><IsDesign>true</IsDesign><IsSystem>true</IsSystem><LanguageId>1</LanguageId><TranslationType>GlobalValuesList</TranslationType><TranslationValues xmlns:d2p1="http://schemas.microsoft.com/2003/10/Serialization/Arrays"><d2p1:KeyValueOfTranslationPropertystringBTqlfKsv><d2p1:Key>Name</d2p1:Key><d2p1:Value>Workflow Job Status</d2p1:Value></d2p1:KeyValueOfTranslationPropertystringBTqlfKsv><d2p1:KeyValueOfTranslationPropertystringBTqlfKsv><d2p1:Key>Description</d2p1:Key><d2p1:Value i:nil="true" /></d2p1:KeyValueOfTranslationPropertystringBTqlfKsv></TranslationValues></TranslationItem><TranslationItem xmlns:i="http://www.w3.org/2001/XMLSchema-instance" xmlns="http://schemas.datacontract.org/2004/07/ArcherTech.Common.Domain.Globalization"><Guid>24e01ac2-6a49-4cad-a8fd-53b5cd9d405c</Guid><Id>25</Id><IsDesign>true</IsDesign><IsSystem>false</IsSystem><LanguageId>1</LanguageId><TranslationType>WorkflowConfiguration</TranslationType><TranslationValues xmlns:d2p1="http://schemas.microsoft.com/2003/10/Serialization/Arrays"><d2p1:KeyValueOfTranslationPropertystringBTqlfKsv><d2p1:Key>EnrollOnDemandButtonText</d2p1:Key><d2p1:Value i:nil="true" /></d2p1:KeyValueOfTranslationPropertystringBTqlfKsv></TranslationValues></TranslationItem><TranslationItem xmlns:i="http://www.w3.org/2001/XMLSchema-instance" xmlns="http://schemas.datacontract.org/2004/07/ArcherTech.Common.Domain.Globalization"><Guid>4517f683-c9ff-4f24-b740-8a9f4241b8f6</Guid><Id>307</Id><IsDesign>true</IsDesign><IsSystem>false</IsSystem><LanguageId>1</LanguageId><TranslationType>WorkflowRule</TranslationType><TranslationValues xmlns:d2p1="http://schemas.microsoft.com/2003/10/Serialization/Arrays"><d2p1:KeyValueOfTranslationPropertystringBTqlfKsv><d2p1:Key>CustomValidationMessage</d2p1:Key><d2p1:Value>You must complete all fields in the [Request Details] section before submitting for review.</d2p1:Value></d2p1:KeyValueOfTranslationPropertystringBTqlfKsv></TranslationValues></TranslationItem><TranslationItem xmlns:i="http://www.w3.org/2001/XMLSchema-instance" xmlns="http://schemas.datacontract.org/2004/07/ArcherTech.Common.Domain.Globalization"><Guid>46bce085-4c66-43b6-b377-d9b7cf16153b</Guid><Id>310</Id><IsDesign>true</IsDesign><IsSystem>false</IsSystem><LanguageId>1</LanguageId><TranslationType>WorkflowRule</TranslationType><TranslationValues xmlns:d2p1="http://schemas.microsoft.com/2003/10/Serialization/Arrays"><d2p1:KeyValueOfTranslationPropertystringBTqlfKsv><d2p1:Key>CustomValidationMessage</d2p1:Key><d2p1:Value>You must enter a comment into the [Manager Review Comments] field before returning to the Requester.</d2p1:Value></d2p1:KeyValueOfTranslationPropertystringBTqlfKsv></TranslationValues></TranslationItem></TranslationItems><CompleteTranslations><CompleteTranslation xmlns:i="http://www.w3.org/2001/XMLSchema-instance" xmlns="http://schemas.datacontract.org/2004/07/ArcherTech.Kernel.Brokers.Packaging.Domain"><Language>9088ef11-366b-47bd-8462-a7a5cb0f753b</Language><TranslationObject>0b4cb490-bd8c-4250-8ffa-a0a1a66c7c66</TranslationObject><TranslationType>Solution</TranslationType></CompleteTranslation><CompleteTranslation xmlns:i="http://www.w3.org/2001/XMLSchema-instance" xmlns="http://schemas.datacontract.org/2004/07/ArcherTech.Kernel.Brokers.Packaging.Domain"><Language>9088ef11-366b-47bd-8462-a7a5cb0f753b</Language><TranslationObject>10008129-34f0-4038-a22b-ff7b5d19ae7f</TranslationObject><TranslationType>Application</TranslationType></CompleteTranslation><CompleteTranslation xmlns:i="http://www.w3.org/2001/XMLSchema-instance" xmlns="http://schemas.datacontract.org/2004/07/ArcherTech.Kernel.Brokers.Packaging.Domain"><Language>9088ef11-366b-47bd-8462-a7a5cb0f753b</Language><TranslationObject>7691335b-1453-4969-93bc-524815971ece</TranslationObject><TranslationType>GlobalValuesList</TranslationType></CompleteTranslation></CompleteTranslations></Translations>