﻿<?xml version="1.0" encoding="utf-8"?><UsersGroups><Users><PackageUser xmlns:i="http://www.w3.org/2001/XMLSchema-instance" xmlns="http://schemas.datacontract.org/2004/07/ArcherTech.Packaging.Domain"><DisplayName>Administrator, System</DisplayName><Domain></Domain><FirstName>System</FirstName><Id>2</Id><LastName>Administrator</LastName><MiddleName i:nil="true" /><Name>sysadmin</Name></PackageUser></Users><Groups><PackageGroup xmlns:i="http://www.w3.org/2001/XMLSchema-instance" xmlns="http://schemas.datacontract.org/2004/07/ArcherTech.Packaging.Domain"><Description>Everyone</Description><DisplayName>Everyone</DisplayName><Domain></Domain><GUID>a877e54e-2c52-41a8-9aee-a931ae0d157f</GUID><Id>1</Id><Name>Everyone</Name></PackageGroup></Groups></UsersGroups>